TweetText,TweetSentiment
Why vivy turned off comments for this unboxing fake duck ???!,-1
"Vivy Yusof is cancel. Good Bye Duck. I've been supporting you for the longest ever since you produce Bamboo material ke apa entah tu. Now, I feel so guilty towards your staff when you're coming up w that kind of statement. Kesiannya.",-1
"Vivy, I love your tudung but I hate your attitude that makes me want to hate your tudung. From today onwards I will not buy any duck scarves anymore",-1
samalah.. hahaha never know that lady and vivy sori ur scarf really not for me.. duit bli duck buat bli susu my kids,-1
"vivy, duck and her team or whatever is cancelled. lmao",-1
"Whatever Vivy opinion, i don't care and don't mind because I'm totally not in to Duck scarves or Duck Cosmetics but I'm totally support local production.Your piece of plain shawls is not relevance price.Plain piece no need to pay more to designer.",-1
Apologies not accepted vivy.Boycott duck,-1
Cancel Vivy Cancel Duck,-1
"Sorry Vivy Yusof. You, Fashion Valet and Duck is cancelled",-1
"Because of Vivy's fiasco this morning, my sister-in-law decided to boycott Duck product. Mind you, she's an avid Duck lover.",-1
"Vivy knowing that her business is gonna flop in the coming couple of months due to RMO, and whatever she did earlier today is going to make it worse. and now she's trying so hard to prove her innocence cause otherwise FV &amp; Ducks' sale gonna be far fetched from what she expected.",-1
"looking at vivy yusof's lifestyle in the internet makes me stop buying from dUCK. ever again. she have her good points but, sometimes she lacks of empathy because of her background.",-1
ok just my opinion la kan i love vivy cuz shes like funny gitu but duck? idk their mss is love bcs the color je tau but the material the jahitan all that other brand is sooo much better plus cheaper i tell you dah la susah nak jaga just dont buy it thats all,-1
By the way I tried duck lipgloss vivy yusuf. Bad quality and fucking expensive. Better I buy fenty,-1
"Seeing people boycotting Vivy Yusof, Fashion Valet and dUCk is the scariest thing to happen. As a reminder, please proofread your writing prior of posting it.",-1
"hahaha done unfollow all fashionvalet, vivy and duck. baru jmpe comment. so harsh",-1
so vivy is cancelled? who want preloved duck ? hahahah,-1
Please stop buying Duck from Vivy Yusof company.,-1
"Unfollowed vivy and duck :/ honestly cant tolerate her idiocy anymore, got two parcel from fv that I bought last week and that shall be my last purchase from her company. It's time to support other businesses.",-1
Unfollow vivy and duck insta,-1
Ditch duck scarves n vivy yusof n all deir circles.,-1
vivy is cancelled. dUCK scarves is cancelled.,-1
Why need vivy's duck when you can buy the vietnam one?,-1
"Me reading thru all the talks bout Vivy and reminiscing the money I spent buying Duck for myself, my mom and my sisters Not to mention I hv 1 more scarf &amp; a blouse from fv basic in my basket, waiting for the payment Nasib baik semalam too mengantuk to proceed with payment",-1
"Sorry la Vivy, I dah x kuasa nak support fashion valet or duck lagi lepas ni. No more dUCk scarves from now!",-1
"yes pls cancelled ,Unfollow Vivy ,duck and anything related . Beli je tudung kat Masjid Jamek .Save your money for wedding",-1
Boikot dUck and vivy! She don't deserve your money. Remember that!,-1
now yall understand why i've been cancelling vivy yusof and duck since azali,-1
"Can i just say,ive always never liked vivy because of her personality? From her â€œtryingâ€� to talk malay despite being a full blown malay and her marking up prices for pinS, i never really got interested in her. And her reply proved me why i didnt. Dats y i never purchased duck lol",-1
never was a fan of vivy. duck what? kah. didn't she realise that some of her customers are from B40?! so now you're telling me that dia dengki dgn customers yg selalu support her? boleh pelan2 stop supporting her kooot. she doesn't care bout yall tho. why would u care bout her,-1
okay no more duck scarfs ! vivy is totally lack of empathy and selfish as hell !,-1
Stupid la vivy make such that comments. Godai la tanak beli duck anymore. Promised to my hubby i nak setia dgn NEALOFAR hijab only. Bye duck bye hmmmmmm,-1
No more dUCk after this. Bye Vivy!,-1
my mom also bought scarfs from vivy before but she stopped buying after she saw me wearing exactly same material (not fake duck or what). i only bought it for 10 ringgit at pasar malam,-1
vivy yusof are so fcking selfish i'll tell my mom to stop buying duck scarves after this,-1
"ok lepas ni jangan support product fv/dUck. what a lowly words you got there, vivy",-1
I used to like vivy. Now i wonder if duck is still relevant with my money,-1
Wow wow wowwww. Then just stop buying from duck scarves n vivy yusof and all bisneses from deir circles. Lol..,-1
Well i never like vivy and duck whatever since i know her hahah. She just look fake to me opss sorry vivy fans lol,-1
"Unfollow Vivy Yusof, Duck &amp; FV",-1
"Vivy, I love your tudung but I hate your attitude that makes me want to hate your tudung. From today onwards I will not buy any duck scarves anymore",-1
"looking at vivy yusof's lifestyle in the internet makes me stop buying from dUCK. ever again. she have her good points but, sometimes she lacks of empathy because of her background.",-1
"aku bangga sebab tak pernah follow vivy and beli barang dia. dia je ada sponsor gift (ducks cosmetics) kat aku sebab aku diundang untuk fashion show dia, tu pun aku tak pakai hahah",-1
"Vivy is cancel, dah saa tak yah beli duck",-1
I baru kenal vivy after people talk yg dia jual duck something. Haha which is i never buy . And selalu amik tudung from my mom je. Klu beli pon kt pasar malam 3 RM15.,-1
My sis in law very hardcore with vivy punya tudung n she have so many duck collection. today she said to me rasa nak sedekah je smua tudung2 duck dia dgn org luar ataupun jual murah. i told her so many times vivy punya attitude mmg fcking bitch dri dlu smpai skrg n now apa trjadi,-1
Disebabkan drama dari vivy. Aku akan boikot dUCk dgn beli yang fake hm,-1
yg lg sorg x kenal. follow vivy sbb suka tgk anak anak die je. tak pernah beli duck and not even a big fan of duck.,-1
Entahlah aku takde taste langsung dengan tudung dUCk si Vivy ni. Even dia tak buat hal pun aku tetap tak suka. Ergh low quality tapi letak harga mcm yahudi stfu la vivy,-1
"Guys,remember even duck tengah ada sales sekarang,kita jangan beli because we will make vivy more arrogant.Let's boycott her cheap quality satin scarf.",-1
"vivy ni nanti dia buat video mohon maaf, semua ok lah tu. haih tolong lah boikot duck tu. cancelled cancelled cancelled!!!",-1
Boikot je lah artis malaysia and vivy yusof and duck and fashion valet tu semuaa... bila dah famous and kaya memang dia rasa diaaaa je betul lets unfollow everybody listed tuhh and forgive but NOT FORGET EHH,-1
Aku dah lama dah ckp kt wife yg vivy ni kapitalis. Stop la beli baranh duck. Sekarang baru dia sedar,-1
Vivy is cancelled. Kalau nak beli tudung duck baik beli kat vietnam je. 1 RM10 puas hati pakai.,-1
baru nak beli duck kat bini. sory la vivy..,-1
Done unfollow vivy pernah sekali je beli duck ..pastu dh taknak beli sebb material dia sama je dgn yg kat pasar tu n jenis cepat tertarik tu haa seb baik beli time sale hahahahahhah,-1
"Okay guys patut aku jual tudung duck aritu, sekarang mesti dah takde value. Demmit vivy",-1
Bodo la Vivy ni. Aku baru je nak beli barang barbie tu dekat duck. Takpelah buat apa nak bagi duit dekat orang kaya kan.,-1
Dalam ku kesian ngn tqah. Aku layap maca org kecam vivy. Hahahaha tedah rasa kenak keletek indah. Tedah u vyyyyyy. Perange sebenar keluar. Bukan pertama kali tapi dh berkali kali. Bye FV. Bye duck,-1
hmm vivy tu tudung duck dia tuu sehelai punn beribuu,-1
Sudah sudah la support Vivy Yusof. Support je la tudung duck vietnam,-1
Hahahahaha macam dadah benda ni so jauhila vivy dan duck!,-1
vivy trending nya.... baru ni tgk ada promo duck lipstick 50% off. hehee tp still i is rasa mahal. baik beli kat farmasi kak aku kje je. Fashion valet pun usha cmtu cmtu je. dulu n recently. mahal i x mampu. lagipun bajunya kalau baju kurung mcm pendek situ lah pendek sini.,-1
"i tak pernah beli Duck, sebab i tak suka Vivy biadap tu.",-1
Betul I beli duck scarf kat sana sebijik sama. Sapa nak belek tudung kita yg tengah pakai kan. Nasib youlah vivy...,-1
Acah je nak boikot duck. Japgi vivy buat sale menggelitis semua,-1
Kawan aku merajuk dengan Vivy sampai dia pergi bakar semua kotak Duck tudung dia. Adoiii hahahahahaha,-1
"Nasib baik tak pernah beli duck ori. Tak berminat nak spend beratus untuk benda yg aku boleh beli rm10 je kat uptown. Ada la 2 helai duck tapi beli kat vietnam je. Ihiks. Function sama je, tutup aurat. Yg membeli makin miskin, vivy jugak yg makin kaya",-1
baru plan nak lanje family duck scarves raya tahun ni tapi vivy ni yihhhh,-1
Boikot vivy boikot tudung duck!!!!!,-1
isnt this irony...duck ada handbag juga tapi owner dia sendiri pakai handbag import. tak percaya kepada kualiti brand sendiri ke ahso vivy oiii,-1
"just stop buying those overpriced duck tudung la, dah lama unfollow vivy yg suka show off",-1
"Vivy is so selfish, serius tak berperikemanusiaan yelah kaya raya kan so byeÂ² fashionvalet. You can duck yourself lahhhh",-1
yes babe penuh story semua ckp psl vivy rmai tknak support dia dh hahaha okay jom preloved our duck,-1
Hilang kagum dengan vivy yusof Berhenti beli dUck lah mcm ni,-1
Aku tak pernah supoorr vivy ni .. makeup pun mahal nak mampus sama mahal dengan sephora . Baik ah kau beli je kat sephora .. nak cakap packaging duck ni kiyut nak mMpuz ? Ah mampus sana,-1
Baru nak beli dUck sekor dua sebab ada sale. Vivy Yusof ni...,-1
I dh lama tak berminat dgn si vivy ni. Sorry vivy i dh tknak support tudung duck you. I nk free hair je.,-1
"Vivy yusof and dUCk brand ni layak kena boikot, cuma tu lah ramai T20 duk puja dia lagi",-1
Babi ah aku dh la peminat dUCk lahanat. Cibai punya vivy tak pasal pasal kena cancel kau gak,-1
VIVY YUSOF IS CANCELLED !! DUCK TU BUKANNYA CLASS SANGAT PUN OVERPRICE JE LEBIH. DIA PANDANG KORANG MCM KUMAN JE SO NO NEED NAK ANGKAT DIA LAGI,-1
Saya memang tak pernah ke FV atau beli apa2 produk Vivy atau pakai tudung dUCK. Bukti saya tak sokong mereka.,-1
Kecewa dengan Vivy. Kecewa sebab beli duck. Kecewa kecewa kecewa,-1
"I think, tak salah pun nak adore tudung vivy sebelum ni. Yang salah tu sebab dia sekarang ni mulut puaka. Hahahahahaha. I'm going to buy dUCk next week but then cancel. Esok aku nak tengok LOVE,Vivy first episode pun cancel. Hahaaha. I need new idol yg energetic &amp; humble.",-1
"Tapi en dah cancel lame dah...siap name vivy, duck, tia dah mute lame dah...sebb tia rasa mcm mengarut...now mengarut lg..",-1
"Tak pernah sokong dUCk I can buy it if i want to duh but I've never been a fan of Vivy. Her attitude is disgusting. Kualiti biasa biasa je, branding je lebih",-1
vivy kena maki ja. aku mmg dah lama boikot Duck and im glad to do so. Belagak nak mampus macam org lain tk belajaq business.. ckap jelah yg dia fail urus fund smpai tkleh cover worst case scenario lol!,-1
Teruk jugak si vivy kene hentam kat ig. Nasib sis xpernah beli kat FV atau duck...mahal harga yahudi.,-1
"Done unfollow vivy yusoff, duck group &amp; seangkatan dengannya..",-1
Hahahaah siot la umi. Mira dh unfollow tauuu vivy &amp; duck semua tuu. Nampak tak.,-1
Aku memang dari dulu dah boikot segala jenis tudung duck vivy segala ni. Aku free hair kot,-1
dah unfollowed vivy yusof. no more ducks.,-1
done unfollow duck group dgn vivy dan fadza. sebab kebetulan iols dah bosan dgn tudung diorang dan vivy slalu bagi statement kontroversi. nak cari brand lain puleks.,-1
"English lagi.kebanyakkan pelanggan kamu muslim malaysia lah,bangsa melayu.tepu otak aku nak hadam semua tu.nilah sebab aku tak lagi sokong duck si vivy.perangaipu makin hari makin.....hmmmm",-1
unstan duck and vivy yusof . make up dia bukan high quality pun tp harga mahal nk mampos,-1
I like vivy tapi betul la sekali sekali mesti buat hal Disclaimer: tak pernah support fv/duck sebab tak mampu wekekekkeke,-1
Vivy tu cancelled terukkkkk aku sanggup pakai tudung takde brand murah daripada pakai ducks yg owner diaaa membongkak dengki dgn org bawahan. Fckkkk duckkkkk!,-1
Eei bongok betul la vivy ni gi la ws dgn member dia tu instead of tulis dkt ruangan comment haihhh kan skrg ariff tak nak belanja apa apa duck dh lepas ni eishhhhh,-1
Vivy is cancelled. Baru terdetik nak beli duck. Tapiiiii tak jadi lah. Kbai,-1
Ok kecoh pasai vivy skrg kn. So lepas nih klu ada org nk boikot duck try la beli tudung dri waarna. Meterial n kekemasan setanding duck.,-1
"Kannnn , pika dh mcm mnympah plak ngn vivy ni. Malehhhh no moreee dUCk scarves rayaaa ni, no moreeeeee",-1
"Dgn ayat vivy td dah buat aku nak tinggalkan Duck. So babai lah lepas ni. Before this letak harga gila pun org nak beli. Lepas ni bai bai la Duck. oh ya i ada 2 tudung Duck yg dah try tapi x pakai g mna2 lagi sebab kain keras/licin, ingat elok sangat lah kain tu",-1
"Tiba tiba Vivy jadi trending. Saya beli juga seketul dua duck. Tu pun sale. Nak rasa juga itik emas tu. I prefer BE still. Senang nak pakai, elok di muka I. Mungkin muka sejenis tak berapa nak kaya. Terima kasih muka bulat.",-1
Vivy Yusof ni yang jual dUck tu kan?? Haritu aku usha lipstick dia kat Watsons berapa puluh ringgit entah nasib tak beli huhu,-1
"In my opinion pasal vivy yusof ni, memang patut pun korang yg bukan level dia stop supporting her business. Dia tak pernah tahu student ikat perut nak beli sekotak duck, ada orang kerja OT nak beli duck end up downgradekan org.",-1
Dlu ada awek org ni siap block aku sbb aku ckp apa brg beli tudung duck vivy tu. Aduh . Dlm byk byk brand. Duck jgk dia suka. Pastu tiba nk block aku bila aku ckp design simple sgt,-1
Tak pernah ada rasa pun nak support vivy ni. Dari dulu lagi la kluarkan statement tak pakai otak. Aku tak paham org yang masih support dia??!? Jangan sampai aku beli duck vietnam!,-1
"wanted to buy ducks shawl for so many times but whenever i wanna buy it, mesti vivy buat hal lol. ended up i tak beli sebab the boss herself. haih ada hikmah, maleh aque baik aku beli tudung member guzel.kl, korang gi beli dkt dia, cheaper tp quality",-1
Vivy punya pasal habis siapa pakai dUCk lepasni kena kecam. Dah aku nak jual semua dUCk siapa nak pm tepi,-1
"i beli sekali tudung duck, pendek sangat, mudah tertarik benang dah rosak part printed tu, susah nak bentuk, mel molly shoes pulak baru pakai 3 hari dah tercabut top piece, sampah je produk vivy yusof ni",-1
Aku dah lama cancelled Vivy Yusof sebab aku mana mampu beli barang duck. Haha tapi dia memang banyak issue pun - Downgrade pregnant womens yang selalu ada morning sickness. - Ciplak turban design Ilham Chenta - Issue fake telekung - now issue takde empathy towards B40.,-1
Time to unfollow vivy guys. Kalau korang masih sibuk nak beli duck dia tu aku tak tau la nak buat apa.,-1
"sy kena cakap dekat kakak sy ni stop beli duck, suka sangat vivy tu",-1
Aku memang dari dulu menyampah dgn Vivy Yusof duck ni!,-1
Baru ingat nak beli dUck for raya. Vivy is cancelled,-1
"sebagai suami yang selalu beli tudung Duck untuk isteri, harap Fahmi basuh isteri mengenai perangai Vivy ni ahahahhahaa",-1
Haritu macam nak beli lipstick dUCk tapi tak jadi lah lepas vivy comment camtu huhuhu,-1
"Kahkahkah. Intannnnn. Tengok laki mu ni. Tp serius aku pun dah stop beli mende2 duck ke, fashionvalet ke. Since reveal kes khazanah vivy dulu tu.",-1
betul ah tu jsksksks vivy tu kilang dia from vietnam je pun hhaahaha kalau reject stocks boleh dapat murah murah kat vietnam tudung duck tu hahah sebab vietnam &amp; indonesia cam fabric kuat kan huhu i pun ni telekung beli from pergi bandung dulu convert duit malaysia baru 20,-1
"Dah la korang dan benci, maki si vivy tu nanti kau beli jugak duck dia.",-1
Aku tak pernah follow pun vivy. Dia jual duck tu kan? Aah harga macam nak mampos. Kualiti sama je pun,-1
Paling benci Vivy! No wonder aku tak pernah suka dia or orang yang sokong dia! Harap yang pakai Duck masuk sorga,-1
Vivy duck ni risau sangat tak dpt bayar gaji pekerja kenapa ye?tak bayar kwsp pekerja ke?boleh kan bincang kat ws group utk gaji pekerja dgn pekerja utk minta pertimbangan. Monthly kereta dgn office kan boleh tangguh 6 bulan.,-1
alaaa.. sok marah mara kat vivy.. cuba duck buat sale.. beraturrr jugakk.. kejap je sold out.. alasan.. murah dr biasa.. ahh.. sudah la korang.. iols malas layan.. iols beli tudung pasar malam je. xpon beli kat muaz textile. murahh.,-1
"Aku jadi tertanya tanya. Dalam diaorang sibuk duk perli golongan B40 ni, ada ke golongan B40 yang jadi customers diaorang? Sebab kat timeline aku, ramai jugak students uni yang suka beli tudung duck si vivy ni. Maybe diaorang kaya kot.",-1
aku menyampah dengan vivy ni sejak dia buat muka disgust dengan product murah2 . hina sangat kot orang pakai brand murah .. mmg start dari tu tak beli duck dah,-1
can we all agree to resell those duck scarves at the low price and boycott vivy ?,-1
"I don't want to spread hatred but she also dah buat program apa ntah tu love Vivy and duck baru launch new bag,See her game. Seriously she just got cancel. Luckily tak terbeli her boba lipstick haritu.",-1
Harap Dr Ros boycott duck Boycott vivy Boycott fashionvalet,-1
crazy more than 100k people are talking about vivy. ok if u guys know where can i get the same material like duck scarf (and also neat eyelash) pls tell me. i swear i'll stop buying duck.,-1
"yup vivy is cancelled, say no tu duck and fashion valet so they will learn from that",-1
i'm not a fan of vivy and her duck and i'm glad i never spend my money on her overpriced scarves,-1
"I've never bought any dUck scarves nor dUck cosmetics before simply because the price tag don't add up to the CHEAP QUALITY they offer. I know most of you only bought them for the brand but, its good now that your eyes are finally seeing the truth of what a scam Vivy is.",-1
Vivy and duck cancelled. Uninstall FV,-1
"I'm fans of Vivy and Duck, and this really disappointed me..",-1
"Unfollow Vivy, duckgroup, duck cosmetics and uninstall fashion valet",-1
Whats with vivy tho. Tak pernah follow and tak pernah beli barang dia. Duck do have a quite selection of lipstick and i love lipstick. But i dont really want to own it. Mahal nakharam guys. Colorpop murah lagi hahahah,-1
"Aku support vivy and i bought her products until recently, pasal kes semalam aku terus unfollow vivy dgn fv. Aku suka duckscarves especially mss. Ada org tahu any other brand yg material macam duck punya mss?",-1
menyesal aku beli dUCk scarves. vivy bukan appreciate customer pun,-1
"Dulu aku selalu cakap kat member aku, aku nak jadi kaya sampai aku mampu beli tudung duck. Sorry Vivy, I'm done. Baik aku beli tudung pasar malam lagi bagus.",-1
"Baru baca pasal vivy kat fb. Itupon adik ipar @farahhaniss yg tag. Told u, i'll never buy duck again. Dasyatnya vivy",-1
Report la ig vivy dengan duck hahah,-1
dari dulu lagi aku tak percaya dengan Vivy Yusuf ni. sebabtu aku tak pernah beli tudung DUCK dia. aku sanggup free hair lah woiiii!,-1
"Aku x knl pon sbnrnya vivy ni sape sumpah ckp. Aku x tau pon wujud tudung duck ni, dulu laa. Dah masuk uni ni baru aku tau. X berkenan ahh, pki tudung pon nmpk leher",-1
"sial eh sume yang beli duck scarves ni , vivy dah ada kes baru kau nak memekak kata shawl dia tak helok lah tak bentuk la",-1
Nasib I bukan perminat Duck. Pity you Vivy,-1
why la vivy why. aiyo nak kena sorok logo duck ke cane ni,-1
"Mcm mana Vivy tak faham kenapa statement yg dia tulis tu salah, mcm tu lah aku tak faham korang yang pernah beratur beli duck scarf. Tudung takdelah lawa mana dengan overpriced lagi.",-1
"Masalahnya vivy ni dari dulu lagi problem, tapi ada yg support and beli lagi. Then skrng baru nak boikot nak menyesal beli brg duck semua, seriously you guys? Masa dia condemn pasal maternity leaves tu semua tak lah semua sibuk sgt nak cancel sia. Skrng baru nak cancel?",-1
Kawan kawan aku semua yang beli duck dah let go duck duck dorg. Vivy you lost your customer trust,-1
Siapa bagitahu laki aku vivy jual duck. Hm now dia suruh boikot,-1
Tak minat vivy pon tp follow je sblm ni sbb dia famous kan. Tp dah unfollow dia dah lepas isu ni. Nasib mmg x support Duck. Ada 1 je la hadiah bday hari tu yg sorg lg tu mmg tak pernah tau sape. Haha,-1
"I dont know why, but i already hate vivy from the start. HAHHAHAHAHAHAHH!! Sebab tu orang sibuk beli duck helloo i sikit pun tak heran. I pakai bawal 5 ringgit je hokey. Shawl mahal sikit lah, 10 ringgit.",-1
And i really thot vivy ni inspired semua org tau but the fact dea ni riak sgt. Ritu saje je try lipstik duck tu...Bebiase je. Hrge dh nk same gn hrge lipstik2 dri korea.,-1
niat aku nk bli duck hancur kecai dah lepas vivy buat statement gitu.,-1
"Lepas aku tengok vivy ni kondem orang yang tak mampu, aku dah taknak dah pakai tudung jenama Duck lagi. Aku boikot !",-1
Tak pernah beli tudung duck yang mahal tak masuk akal tu. Ada satu pun sebab org belikan hadiah kahwin haritu. Klu keluar duit aku sendiri beli barang vivy err sorry la,-1
"One thing I realised selepas kes Vivy ni, yes I dulu memang sanggup beli dompet and bag dia sebab it's DUCK, so after kes Vivy semalam I learned one thing â€œBeli barang ikut keperluan bukan ikut nafsu sebab nak beli brand.â€�",-1
aku penat la gelak dengar makcik pakcik aku gaduh pasal tudung dUCK makcik aku HAHAHAHAHA BOLEH DIA SURUH JUAL SEMUA VIVY YUSOF PUNYA COLLECTION HAHAHAHAHAHAHAHA,-1
ok nak boycott duck pasni hm vivy ni banyak makan de-duck agaknya,-1
"Nampak unprofessional si vivy ni, orang kecam terus block . Tudung duck u boleh buat kain lap tingkap",-1
"I actually always ada niat nak beli shelai tudung duck as self reward la konon sbb kerja bagai nak rak tapi always jugak niat tk jadi. Why? Time tu la ade benda viral pasal vivy ni. Betul lah, kalau life tu kelas atasan belum tentu minda ni kelas atasan. So, mmg mati dah niat tu",-1
List cancelled: 1. DUCK VIVY 2. NAELOFAR LOPA 3. Sape pompuan yg kecoh kene byr gaji staff tu? Nobody tu laa.. tak kenal sheols sapa Aleeya/Aleen 4. NABIL 5. BLACK 6. SHARNAAZ 7. TOMOK Lagi?,-1
"Girlfriend say nanti diharamkan beli tudung duck, bukan apa saya takut kebodohan Vivy Yusof tu dia mengalir dalam otak girlfriend saya nanti. Tacodd",-1
Nasib baik aku bukan fans Vivy Yusof and dUck. Takde la rasa kecewa mana en?,-1
Benefit jgk org kutuk vivy ni. Ada yg suggest brand lain yg katanyaa kualiti sama je dgn duck. Mari laa kita try. Selamatkn poket masing2 hahahaha,-1
Viral pula si vivy yusuf ni.. nasib pernah beli sekali je tudung ori duck.. tu pun menyesal.. siapa nak ? aku jual preloved hahhaahhaha,-1
Setelah mengikuti info semasa pasal vivy itu. Nak tanya asal tudung duck dia tu mahal sangat? Konpem masuk surga ea pakai tudung tu?,-1
"Haah, yang dia duk comment ig dgn vivy yusof tu. duck pun jangan beli utk awek kau mi.",-1
"korang cancel cancel Vivy kat sini buat apa. Twitter ni 1% je. Pergi la buat campaign whatsapp, fb, radio, tv, insta boikot Duck.",-1
Some ppl beli duck bukan sebab vivy pon the quality bro... but ok nvm bye duck,-1
"Aiyoookk. If still ada yang support dUCk products after apa si Vivy tu cakap and buat, memang hampa buta perut hsksgskshskshsjs and this is not the first time pun dia buat perangai busuk.",-1
"Baru niat nak hadiahkan my mum punye birthday shawl duck duck vivy tu tapi lepas jadi lagu ni terpaksa halau la duck tu balik. Ape brand lain yg okay, anyone",-1
Apo panggil orang jeles? Bye lah Vivy. No more DuCK. Even copy ori gred AA sebab sis sus sas tak support.,-1
"hmm dah plan nak belikan tudung duck for my mom birthday this year, tapi lepas tengok side vivy ni terus tak jadi",-1
"umi kata takmau beli duck dah lepaih ni sebab vivy kata camtu, dia perli aku gais sebab aku tak pernah beli duck kt dia,",-1
Naim dah baca kes vivy Yusof. Pagi2 buta aku pulak kena ceramah dgn dia sbb semua koleksi DUck. Sorry vivy lepas ni I xdapat support u lagi hahahahahaha,-1
oh tak habis lagi pasal vivy hahahah aku mmg tak berkenan dia tu hahahaha lagi satu duck dia lagi tak pernah beli even ad duit lebih pun fikir 10 kali nak beli hahahhaa,-1
Rt if korang nak your loved ones hadiahkan mana la tahu ada secret admire nak bagi kan This matte satin ni of course affordable la instead of tudung duck vivy yang ribu riban tu 3rd April this shawls restock so apelagi grab them all tau do pm me at 0102630368 right now or,-1
Vivy ni kalau orang kempen beli Tudung Duck Vietnam baru dia ada akal,-1
Take down duck collection vivy talk like shit hahaha,-1
Drop Datin Vivy Yusof as UiTM Board Member &amp; Choose An Alumni - Sign the Petition! http://chng.it/mLSQQCYR via @Change the same person who said B40 + M40 DO NOT CONTRIBUTE TO MSIA's ECONOMY show her B40 + M40's REAL POWER by boycotting her dUCk products even on discount.,-1
"Vivy Yusof has always been problematic but slalu kena â€œback upâ€� or issue swept under the carpet. Only now she is being blasted bcos the entire country is going through something *TOGETHER* hence we take note of insensitive, thoughtless remarks made by such people. BOYCOTT DUCK",-1
"Omg. I just read something abt vivy issue .Posted on my friend's ig. Vivy's video has been deleted. Ok if that true.. damn. Bye vivy. Bkn setakat cancel, she just dig duck, fv &amp; her own grave..sila laaa bash dia. Mmg patut...",-1
"Me & my boyfriend discussing about country's hot issue rn Vivy is cancelled, Duck is cancelled, FV is cancelled.",-1
Drop Datin Vivy Yusof as UiTM Board Member &amp; Choose An Alumni - Sign the Petition! http://chng.it/jk8gtkPH fUCK dUCK,-1
"Okay vivy, you are cancelled. All my friends supported her overrated overpriced products and most of them are b40 and m40. Little did she knows that without these circle supporting her, her duck are actually nothing?",-1
"Unpopular Opinion: Vivy Yusof's DUCK is Overrated, Overhyped &amp; Overpriced.",-1
Another words to mute : Vivy Vivy Yusof Duck Kuek kuek Umairaharis Crowdfunding Roti Gardenia,-1
lepasni kerabat vivy jela pakai duck time raya hahaha bodoh,-1
Duck scarve jadi harga pasar malam lepas vivy kena kecam hm,-1
I salah sorg peminat Vivy..admire dia sbb dia pandai berniaga..always ada niat nk tambah collections from duck as self reward..tapi bila dh jd mcm ni hmm kecewa btol laa..I thought dia seorang yg lemah lembut baik n respect org,-1
"SANA SINI AKU BACA PASAL ISSUE SI VIVY DUCK. KALAU LEPAS NI AKU NAMPAK KORG KORG NI JGK YG BELI PRODUCT DIA MASA ON SALE, KORG AKU CANCEL! INI ADALAH MANTERA. SILA BACA SAMPAI HAFAL",-1
Macam all our betul vivy kena kali ni. Mesti duckies rasa bersalah nak keluar pakai duck lepasni,-1
Aku dr dlu x berkenan dgn vivy since die mkn atas diapers. Diapers mahal ok thu lah kaya sgt smpai x thu nk buang duit dkt mne. Tgk i elok je pakai hanami. Labuh lah utk buat selimpang2 and harga 5 kali ganda murah dr duck korang tu,-1
"Takpe kalau vivy naik kan yuran kau, kau bgtau aku, aku pakai duck gred AAA depan muka dia hahhaahhahahahaha",-1
Masih ada ya orang yang xkenal Vivy Yusof ni. Alhamdulillah.. Tak de la terkenal sangat Gigih kami nak terangkan dekat housemate ni sape dia. DUCK pun xken wehh,-1
nasibla aku xpernah follow duck ka apa ka vivy ka tak pernah terfikir nk beli. lel,-1
saya as budak bawah naungan vivy kecewa vivy as our lembaga pengarah uitm....letak jawatan jelah duck tu,-1
"Didn't personally watch the video of Vivy saying something like â€œkenapa kerajaan nak bagi beri bantuan kepada b40/m40 sdgkan diorang tak beri contribution to the economy Malaysiaâ€� but if it's true, may my Ducks meet their new owners at the recycling centre. Keceweee hakak",-1
"Berapa kali dah pernah terdetik nak beli brand Vivy, masuk kedai je memang rasa tak diundang haha baik FV baik dUCk. Semua staff muka nak kekwat je. Dah la barang buruk sebenarnya",-1
Sebelum ni ada terfikir nk belikan ibu tudung duck untk raya ni. Skrg ni takde la oiiiii. Nasib baik mmg tak penah beli sekali pun product vivy!,-1
Lepas satu satu orang expose produk dUCk. From Vivy FV to Vivy CCP real quick.,-1
"Lepas ni jangan lagi beli tudung duck tu, kau tu kan lelaki. Orang kaya cemburu org miskin dibantu. inilah nama busuk hati. lelong jer la beg gucci tu kalau tak mampu vivy oi",-1
Pasni mmg tak lah nk beli duck lagi haih dah laaa dulu suka sangat kat vivy,-1
nak borong fake duck and tag vivy yusof biar dia sakit hati,-1
Unfollowed semua acc vivy include duck and fv !!! adiosss before ni boleh je pejam mata but not this time.. bnyk beno drama kau,-1
Aik. Dah tak suka vivy ke ? HAHAAH . Duck scarves for sale . Siapa berminat boleh dm,-1
Ok lepas ni tak nak beli duck. Mende la si vivy ni. Dah la hantaran kawin dari haqim ada duck,-1
Sebenarnya pernah terdetik nak beli duck brand sebab ye la orang cakap support local. But then sikit2 vivy reveal her trueself. So since then xpernah beli pun brg duck. Overpriced n nasib baik brand dia boom masa aku belajar. Xda duit so beli bawal rm5 je.,-1
"Wow vivy, just wow. Aku B40, MASIH BAYAR TAX YE. Celaka betui statement dia. Dasar anak orang kaya tak sedar diuntung. Nasib baik la tak minat Duck dia tu. Lol.",-1
"Baru tahu harga stapler yg dekat Fashionvalet tu sebenarnya RM1.30. Sampai dekat Vivy, letak logo Duck terus jadi RM80.00 . Silap lah cari pasal time netizen ramai tengah free . Kredit: NasirPasir",-1
Done UNFOLLOW Vivy . Rasa macam dah kena letak tepi kotak dUck tu jauh jauh ..,-1
I mmg ada sehelai tudung duck sebab teringin nak rasa. Tu jelah yg sempat beli. Lepas kontroversi vivy komplen pasal maternity leave tu memang tak teringin dah. Masa tu juga dapat tahu dia jual stapler puluh2 ringgit. Bapak kapitalis.,-1
yes i know most of the people wont read this. can we just cancel vivy and fv then we support another company ? those duck thingy are like ...idk yall can say what you want.,-1
"We are empathetic people so we should feel bad for what happened. Sorry for having to go through that, Vivy. Yet i still choose to not be a dUCk or FV fan anymore.",-1
"Not a fan of vivy/duck, but malaysians netizens are the worst thing on this MCO. Other than the virus itself, i wanted MCO to be over as soon as it can, is because of this. People with a lot of time on hands to destroy someone else reputation, are the worst",-1
i've watched so many times... i bukan sokong vivy or peminat duck and what so ever tapi jangan manipulating her phrase even benci sangat dengan dia i dont see any bag mewah and she doesnt said org lain lgi teruk dari dia just cncel her and jgn tmbah perisa,-1
Siapa je yg still pakai tudung vivy tu? Euwww i'm not gonna spend my $$$for an ugly dUCK scarf.,-1
Terus kan buat perangai please vivy supaya org benci. Nanti bila ramai benci. Aku tak payah belikan duck dah. Thank you vivy for your stupidity. Please continue.,-1
please remember to boycott both duck &amp; vivy forever &amp; not just when they do a public fuckup. its unacceptable that they rip off smaller brand even just once (but at this point we've all lost count already). that bitch not even sorry about it,-1
How low is vivy and the duck team,-1
"What the fuck duck ? Hmm you are such a diligent person tau Vivy but then stealing other's idea , it is not diligent at all, respect her please @sleepylllama",-1
soo truee. never truly apologized when in the wrong and kept on winning by using her power. screw duck and vivy. im with Nia on this. dah la cantik gila ahha tetiba,-1
hahaha ada sorang tu tweet back up vivy nak mampos astu ckp yg kecam ni tkpernah beli duck pon hello tak worth pon beli tudung mcm tu ? design bukannya cantik sgt blah lu,-1
xkn orang T20 copy paste idea orang? . kesian usaha orang lain. tup tup copy idea orang untuk brand duck dia sendiri. vivy oh vivy tak pernah belajar dari kesilapan lepas.. ke sebenarnya saja copy idea org untuk viral diri sendiri dan produk sendiri?,-1
"done unfollow vivy, siapa berminat dengan duck saya leh pm tepi saya jual mur mur",-1
"I guess I'm tired with the constant drama of Vivy Yusof. Bye Vivy, Duck and FVBazaar.",-1
Baru sekarang ke duck nk tolong orphanage? Selama ni pa cita HAHAH I WONDER!? FCK VIVY BIJCHES,-1
"Honestly, dari dulu lagi aku memang suka product duck. Everything aku macam wow, cantik gila, sampai nak kumpul duit belilah. And, Lepastu skrg aku dah tak minat semuatu lepas viral pasal fv baru-baru ni. Aku banned habis, sampai tak tgok igstory vivy",-1
Vivy Yusof is officially cancelled. duck off!,-1
So i wont buy duck or vivy related stuff anymore. Yeah,-1
No eat duck anymore bcos every duck remind me to vivy yusof.,-1
"I used to love duck collection but now no more, thanks to vivy my money is safe now",-1
"So far Malaysian cancelled out 1. Duck ,FV or vivy related 2. Jakel mydin or their mamak business related 3. Rohingyas what else guys?",-1
i dont even own 1 of their product and i even agree that duck plagiat other small business but not warong's so is that defending vivy? lmao next time read properly okay? all i wanna know is which part of her product she claimed duck plagiat.,-1
"Funny how Vivy and dUCk claimed that all their products are sold out after nearly every launch, but still declaring that they are running at low sale revenue. The statement just doesn't add up. Right? Or, probably just an old trick formula to boost sale? Yeah, that's probably it.",-1
"Hahahha no more duck. I will boycott betul betul, vivy is the evil capitalist",-1
fuck yall who buys and support ducks/vivy yusof,-1
Why is vivy yusof still a thing? So many other local AFFORDABLE AND BEAUTIFUL brands available and people still flock to the stupid duck,-1
The reason why Vivy was even unaware about all this its cause she isn't the one sitting down designing all her duck scarves. Its just her team that she pays to do it. There is no heart and soul in her designs. All made just to make more money.,-1
here comes vivy and duck trending againnnn. what shit she do next,-1
i saw vivy and duck trending again.... what happen?,-1
Vivy is cancel. DUck is cancel.,-1
Fuck vivy. No more duck. No more.,-1
Aku tak pernah penat scroll twitter tapi aku penat tgk vivy dgn duck dia trending kat twitter aku ni,-1
Korg baca thread ni sampai hbis kalau korg nk tahu si talam 2 muka vivy yusof. Inilah yg dikatakan kaya akan ttp kaya dan miskin akan tetap miskin. See what vivy yusof did to the small struggling business like them. Fucek duck,-1
Vivy Yusof's tudung duck are ugly and getting uglier guys. Toksahla beli.,-1
Itik is duck Duck is vivy Vivy is .............. (isi tempat kosong 10 markah),-1
"Vivy and duck ni patut dah lama kene boikot. Tapi standard meleis la, buat video airmata sikit, haa terus lupa semua. When you got the business with a little effort, ni lah jadinya",-1
"malas nk sembang pasal vivy duck dengan kekawan aku sbb 90% dorang semua kemaruk duck. tah pape. dh la curi idea org, pastu hantar lawyer segala bagai. dasar tepung pelitherrrr",-1
"First of all, dUCk isn't even a good brand name. Duck â€“ with the old emokids spelling dUCk. She could've just used VIVY as her brand name. DUCK??? I dont care what it means to me it's still itik.",-1
Hahahah dari dulu lagi tgk brand dUck ni suspicious. Even vivy herself.,-1
"apart from the vivy issues, duck punya design sekarang tak cantik :( i thought the bday duck cantik tapi irl its very tacky. siapa designer duck sekarang kenapa tak cantik kenapa kenapa kenapa",-1
Always thought that Vivy and dUCk is TOO BLOODY MUCH.,-1
Hhahaaha sumpah bodo. Malas beli duck dah. Vivy is cancelled. Hahahaha tengok sampai bila,-1
gonna buy the artsy duck bcs tu je yg sesuai dengan baju tuuu hm sapa je boleh tahan nafsu dgn material dUck. im not a duckies but still we know the quality even buruk macam mana vivy but she knows strength company dia dkt mana,-1
"Siapa beli dia bodoh. Installment untuk benda bukan keperluan la paling bodoh abadi sekali. Dah la bayar bulan bulan, ada interest pulak. Tak ke bodoh? mati ke tak pakai duck? Vivy pun satu, dah sedor product dia mahal nak mampos buat la diskaun kalau tanak rugi. Bangang",-1
bodoh aku ingat vivy duck tadi,-1
Boleh tengok story Vivy Yusoff bodoh-bodoh yang still beli produk Duck mana tau ada sedara mara korang ke,-1
Duck dah take down all the tie from their website. Amende Vivy ni tak aware lelaki islam tak boleh pakai sutera every month nak jadi bodoh ke mende.,-1
Siapa beli tie duck sampai 300 untuk bapak dia memang bodoh la aku cakap. Harga tu sumpah boleh dapat banyak lagi tie yang lebih baik kot. Tak faham aku vivy ni,-1
Terciduk kalian vivy unboxing fake ducks hahahah,0
baru je tengok vivy punya reaction pasal fake n authentic duck tu.. ermm,0
"Everything time vivy messed up tetiba keluar laaa comment â€œthis is why i never buy/stop buying fv/duck etcâ€�. Thing is, kalau tak beli and tak suka.. why are u guys there? Still follow her or saja bukak page to comment n spread hate ?",0
Shut the duck off la vivy,0
Vivy duck vavi,0
Please be patience people if vivy can produce duck then others can produce goose.. gooo!!,0
"For real,i know duck tu itik but apa dia duck vivy tu",0
It is not really fuck off Vivy Yusoff. More like duck off you rich arrogant Vivy Yusoff.,0
Fizo and Vivy Duck are shaking,0
"seeing the netizens bashing her down saying they would no longer buy products from dUCk/FV or had respect for her then but now no longer, is just appalling. yes, all have their own rights in expressing their opinions but should we say in such a way that Vivy was solely to blame?",0
â€œVivy is cancelled!â€� - her own duck,0
is vivy the person who runs the duck tudung business? my scary ass class teacher has a whole ass highlight on her instagram of her wearing duck scarves hm... the pieces are coming together,0
"I never buy duck, but i still support and watch vivy YouTube channel.",0
"I hv no idea who aleesya is and am not a fan of duck. But i see what vivy meant here. Most people bashing either misunderstood what she meant by â€œexactlyâ€� or are just taking advantage of this situation to condemn her wealth, her past mistakes or just doing it out of spite",0
Yang beriya beli duck scarf tu ha terciduk.. Now you know how rude vivy yusof is..,0
"Wow whats the hot story between vivy, ducks and poor people?",0
Vivy what duck fuck ?,0
Vivy and Duck trending gais,0
"Well, I was never a fan of Vivy Yusof to begin with. Not a duck user nor fashion valet. Silver-spoon upbringing tho.",0
Vivy Yusof should hire a full-blown PR team to manage every single word she says. All she has to do is post selfies with curated captions and read out (pre-approved) ~relatable and inspirational~ low-hanging Insta-speeches for every dUCk fan to say yaaaaaaas to. Sekian.,0
vivy and dUck is trending here ffs yikes,0
I will not forgive u vivy for making reckless &amp; insensitive statements like that! * Marah in dUCk telekung *,0
"if you can't afford, please jual birkin hermes bagai tu, downgrade house, kereta.. bukan downgrading orang..... so sorry to all duck and vivy fans but this is just my opinion",0
"Look at how steady Aaron Aziz time mcm ni. Siap smpt buat cooking show Bkn complain sana sini. You know, his wife also has business tudung &amp; I'm sure their incomes are also terjejas tp kalau you pandai manage, inshaa Allah everything will be fine. BERSYUKUR Vivy duck Airpods",0
Vivy x pnah idup susah.. What do you expect?!?! She can't understand how kesusahan B40 living. I admit I save up every penny to buy her dUCK cosmetics for a while. Sometimes its people like us who make you rich... Even richerr wahai vivy,0
"im so disspointed with vivy, really because i love and admire her before even im not a duck lover.",0
Hahaha RT @shukrikhoo: Netizens: Vivy is cancelled Vivy: We're releasing a new duck Netizens:,0
"Vivy, Anju and Duck trending!",0
Vivy with her duCk is trending guys,0
Haah she is quite rude. But vivy yang take the hit. U know im not fv ke duck fan pun. Tapi feel sorry so many misunderstood. Or saja2 tak nak faham. Kecam org kan seronok,0
Shes always stirring shit up and then apologizing. Kau diam jelah vivy. Pergi lay in your mountain of fUcks. I mean sUcks. I mean dUcks........,0
Wow vivy and duck is trending right now!!!,0
"Sorang mintak maaf and sorang privatekan account dia. But remember the Internet does NOT forget, Miss Vivy Duck, don't know who the other witch is though",0
Vivy ni suka buat bad statements in public which will invite such hate Without the buyer apa la sangat duck tu,0
idk what happened now . kenapa vivy and duck trending?,0
"Haven't you guys expect everyone will show their true colour during RMO? Yes I do follow Vivy and yet, I do expect she will did the same things as previous. Do you watch her vlog on vietnam duck? If artis pun start talk shit about nasib diaorg, apa tah lagi those yg macam tu",0
"THERE IS NOTHING SME ABOUT FASHIONVALET AND DUCK SO VIVY FAN FUCK OFF. It's been two weeks, for God's sake!",0
Twitter today -vivy -duck,0
vivy and her duck are trending..... again smh,0
brand tudung dUck aka vivy yussof bcs she b acting up again lolz,0
Vivy kena attack sebab buat statement elitist and bodoh. So now she's a target. A sitting dUCk,0
"wow vivy,duck and anju is top 3",0
Ok why vivy and duck is trending on twitter? Time to dig,0
Netizens: Vivy is cancelled Vivy: We're releasing a new duck Netizens:,0
dUCk is trending bcoz of vivy yusof. wowww,0
What did i missed about Vivy/Duck?,0
"Hmm, i love duck. But why vivy. Whyyy.",0
Vivy ni sapa ? Vivy duck tu ke,0
Hahahah. @yindian5 vivy tu tauke duck scarves tu,0
"Oh, ducks tu vivy punya ke.. Baru aku tahu... Sumpah lah?",0
Aq sorang je ke yg taktau ape yg sedang berlaku dgn c vivy duck nih,0
Gentle la vivy duck tak tau kobis tp tau cabbage? Yak ila geli2 je anat.,0
Haish vivy n duck ada di situ la,0
"Vivy being Vivy is not new yalls....baik beli hf like Prada, Gucci, Dior etc dari collect duck towers lol tapi tu lah. yalls kan dumb dumb. suka hati lah duit masing2",0
"Apa kaitan Vivy dgn itik/duck ni...? sorry, saya baru sampai dari planet pluto... never heard about her before this",0
Sebenarnya tak kenal pun benda alah fashion valet vivy segala bagai ni dulu. Pastunya dah org sekeliling duk sibuk kan beriye pastu jadi camni ha korg la yg semangat sangat sokong dia. Aku sikit pun tak heran benda camni. Entah apa aku tak paham duck aku ingat itik sekali tudung,0
trending kat page i sekarang: Vivy Duck Anju Diam,0
Vivy ni lah punca aku stop makan duck rice dulu.,0
Aku sampai la ni tak pernah masuk duck store. Tengok duck lipstick pun dekat watsons tu pun tengok dari jauh je. Ig si vivy tu pun sis tak follow. Sebab dari dulu rasa dia mcm annoyggggg.,0
"Terus mintak maaf cepat2. Mana tak goyang guys, nama Vivy &amp; Duck dah sampai trending dekat Twitter. Mau rosak dia punya business",0
"Duck ko tahu, vivy ko tak tau",0
dah 4 helai duck ni adalah dalam rm600 ha kalau bakar ni bukan vivy nangis tapi aku yang nangis,0
Kenapa dgn vivy kenapa dgn duck? Kenapa dgn anju? And me tgh pikir canne kelas elearning research maybe e-nnalillah,0
My TL rn : Orang kaya Orang kaya Orang miskin Orang kayaa vivy Duck Scammer Orang kaya,0
"Vivy, awak tu duta unikeris.. jangan buat malu kami lah ye.. Bak duck satu.",0
Aku tau tdg duck tp xtau pulak by that vivy viva tu,0
vivy xnk kluarkn kain kapan duck ke??? mne lh thu dpt kalis soalan malaikat dlm kubur gurau2...,0
suroh vivy abis kuarantin klk gadai kan manit manit benyin menyin dekat tudong duck nya pake bayar balit gaji sidak pekerja nya pake nya rolling balit bisnes nya ok.......,0
"tak , yang tengah trend pasal duck ni , duck vivy ke duck itik tu ?",0
"apa benda la yg trending ni, Vivy Yusof Amir Babi Duck The End .",0
dUck dan fashion valet bukan lagi sme okay. Dah berkembang ke rantau asia fyi. So there's no such things as sme yada yada dalam kes vivy. Okay? Takyah risau gaji pekerja. Dia tak layak nak hina B40 community.,0
"Pastu daphne iking kena bash sebab defend vivy beriya kata kita salah faham apa vivy kata ,tahu lah selalu dapat duck free .",0
Doing a lot of ducking lately?? Vivy Yusof Airpods Duck SMEs &amp; Aleeya Zailan Princess Zarina Anjoulie Artis Malaysia Please stop saying Babi guys!,0
nasib baik jenama swan. kalau jenama duck aku report je tadi HAHAHHAHAHA btw nak lah janji bukan vivy punya,0
"ala.. kutuk2 vivy time mcm ni mmg ramai, tp bila dia keluarkan collection tudung duck baru utk raya nanti, lagi ramai yang beratur nanti nak beli. cuba istiqamah boikot. baru dia tak jadi dah T20",0
Fuhh bru baca twitter. Ramai komentar2. Penatnye nak fhm kes viral hari ni. Tp yg ak perati yg kutuk vivy skrg ni tu yg beli duck kt awek/tunang/bini. Kah! Tak nak ngaku takpe hehehehh good night. Peace,0
Aah.. hahaha.. aku x bongkak mcm vivy duck tu,0
"Tipu lah Vivy tu tak tau , tudung duck tu femes kot even harga yahudi",0
thats why kot iman back off from duck. sedangkan dia best friend vivy masatu. kot lah kot.,0
Aqu je ke yg tak pernah minat or impress dgn si Vivy ni...? Yerlah mana mampu nak pakai Duck bagai... Lol,0
And im going to buy dozen of duck scarf to support Vivy business. Kesian dia kan mesti it's a really tough time for her right now kan. Agak agak rumah dia ada beras lagi tak tu,0
Aku rasa supplier vivy duck ni tgh kejar hutang kat dia sbb tu la stress lain mcm kerja takleh jalan,0
Awat pahit sgt aku baca tweet ni. Bgi aku vivy antara entreprenuer yg menyumbang kpd masyarakat dgn cara dia tersendiri. Dri tertubuhnya FV dgn produk2 Duck beliau menaikkan nama Malaysia ke persada dunia.Menyumbang dana &amp; supplies kpd frontliner covid19 kita. Please think first,0
"Zarina Anjoulie, Vivy, Aleeya Zailan and Duck tranding on twitter...",0
Dari dulu lagi tak minat vivy tu. Tudung duck dia tak pernah teringin pun nak beli.,0
Selalunya cam biasa aku scroll timeline nak tengok update kovit neting tapi ramai tengah sibuk kecam artis dengan vivy yusof. Tu la beli lagi tudung duck dengan sanjung artis kome tu kan dah terasa bodoh.,0
In the end T20 macam Vivy beli barang import dan tak pakai dUCk and while B40 and M40 tetap bangang puji dan beli barang dUCk tu sampai mati.,0
"Sikit lagi vivy yusof mst jual hand sanitizer jenama duck, beras/gula/ tepong jenama duck. Hahahaha",0
Tak pernah lagi beli dUck. Ok sebab tak minat cara vivy tu kritik sana sini ehh dia tu ada jawatan kat UITM kan? Why behave like that?,0
"Silap kau la vivy, habis rosak duck sekampung",0
"Duck is suck, mula mula artis Malaysia ni vivy yg acah mat salleh tu pulakkk, next pleaseeee",0
Satu ayat vivy terus org lupa dia punya effort/idea and antara yg agak cepat bertindak to collect fund tuk frontliners smpi 1juta tu..not a fans of vivy n never buy any duck/fv product..bg aku tu pandangan dia as entrepreneur..maybe tmpt komen n cara xbetul,0
"Takpe lii. Kau typo macam mana pun aku still faham kau nak tulis duck itulah, aku rasa nampak vivy derma banyak econ haritu. But maybe ayat dia menyakitkan hati orang yang terlibat kot",0
lah barang DUCK tu dari vivy ke ? patutla perangai pun macam itik . duk potpetpotpet hm,0
Funny. Masa ada orang buat copy duck kemain pertahankan cakap suka duck sebab material and so whatever lah. Bila harini Vivy kena kutuk acah acah tak suka. So lalang,0
nk tngk anju nasihat skit si vivydUck tu,0
Aku mmg x permah follow pun.tdg duck pun x teringin nak pakai.. ..yg sebelah vivy tu siapa? Hahahah,0
Sudah sudah la tu condemn vivy. Bukan raya tahun ni dapat pakai duck pun. Entah raya entah ti-duck.,0
"Mujur aku tak pernah suka vivy yusof ni. Pernah tertengok yt channel dia pasal dia banding duck ori dgn fake n video pasal Bahasa melayu challenge tu, Perghh situ pun da boleh nmpk annoying gilaa",0
Tak pernah minat dUck. Or vivy. Whatever.,0
banyak gila tea hari ni pasal vivy (the duck lady) aleeya (I don't who she is but she's rude asf she gets jealous over orang miskin girl make it make sense ) syarnaaz(man i hate this guy sm bila nak mampus tah) tajul and many more pasal yang diaorang nak dapat bantuan khas shit,0
Vivy yusof tk salah pun gais yall chill hastag bukan kaki jilat hashtag i tk pernah beli duck for myself,0
"aku harap lepas isu covid19 ni reda,insyaallah dengan izin Allah..tak ada la rakyat Malaysia pi support balik artis-artis tak kenang budi tu..kang adala tu pi beli tudung duck vivy balik",0
Ada yg berani ke bakar tudung duck boikot vivy mcm kes neelofa sebelum ni,0
Don't tell me your DUCK business don't gain any profits? I think you already have a strong brand vivy.. And still nak kacau hak org yg btul2 in needs?org yg btul2 susah tu pon blm tntu dpt bantuan tu.. Awk2 yg gaji/untung bnyk before ni sebok2 nak jugak bantuan?,0
Aiyaaa... Tak pernah rasa nak beli brand vivy nie..duck or apa2lah..tak ada yang nak dibanggakan pun..sebab dilahirkan dah kaya punn..so bila dah biasa senang sekali jadi begini pepahamlah kan.. gituewwww,0
"Pom pom Vivy evil lah, tapi beli alat tulis kat Duck. ko pun bodoh padahal beli dekat Mr Diy seringgit je. Yang penting sesetengah golongan tu fefeling dia on top of the world, bandingkan diri dengan brand besar dunia tapi quality barang hampeh. Hantar China juga. Eh sial lah.",0
"Scrolling on Vivy's comments, wow mmg boleh dikatakan 99% jugak yang marah dia haha yang support pun gang2 kayaaaa diaaa ja la. Hopefully org yang comment nak boycott duck la apa tak cepat lupa la. Jangan dok makan semut banyak! Hahah",0
terus unfollowed vivy yusof . Nasib tudung ducks orang bagi,0
"Abg2 rider foodpanda, grab dll gik sikda byk bunyi. Susah juak idup sidak gik dapat sumbang something eh instead of mengeluh and downgrading others kdk sidak Vivy Yusof and co. Lancao! Sapa beli dUCk katok nang bodo la.",0
Vivy and duck are trending but really the more angkuh one is that aleeya woman. Adoi byk plak masa aku sejak menjak ni asyik bebel,0
Siapa follow vivy duck and the gang tolong unfollow melayu dengki macam tu sekarang jugak. Biar dia tau B40 ni yang naikkan dia jadi T20.,0
Vivy diana tu yang jual produk jenama duck tu ke?,0
"Aku tengok neelofa rileks je even tudung dia tak semahal duck &amp; dia punya bisnes lagi besar. Main point dia kat sini, kau kena ready kalau berbisnes ni. Bukan setiap hari untung. Vivy sepatutnya tak naikkan isu macam ni at the wrong time.",0
Lepaih ni vivy juai duck tape jaa. Hampa jangan tak beli,0
"Aku mmg dari dulu x favour si vivy tu. Kaya tp sombong and kapitalis. Ye aku admit dia bijak berbisnes tp dalam situasi mcm ni tiba2 jadi bodoh pulak? Sister, org beli duck scarves online berlambak. Sehelai je da beratus. Pos office bukannya tutup. Apa yg kau rugi sebulan ni?",0
Mana macai2 vivy nii meh nak sepokk sket muka tu.. dia tolong bakor duit korang lagi ada laaa dengan duck dia tuu euwww nasib baik i freehair tak penah pakai tudung,0
sejak dah ramai boikot vivy Duck dah murah,0
RT kalau korang: â€¢ Tak pernah ada collections tudung Duck by Vivy Yusof. â€¢ Tak kenal pun siapa Aleeya Zailan.,0
N bila bukak twitter tgk kt trending vivy n duck dh jd trending topic...uish aku tak tgk hp dua jam jer kut sbb bz cuci semua kasut2 laki aku(ada la 20pasang) n baju sebakul (mesin basuh xbeli lg n dobi tutup) tibe2 dh kecoh sana sini issue baru..fuh netizen xprnh mengecewakan,0
dia pengasas tudung duck bos. datin vivy bos,0
Oh alamak tak follow lah vivy yusof ni harini baru tahu dia founder Duck,0
"Siapa yang masih menyanjungj vivy dan beratur untuk duck terbaru dia, bodoh lah kau",0
"Trending hari ini. Anjou, vivy , duck. Fuhhhhhh. Saba2 kita ada 2 minggu lagi.",0
Uuu..baru baca pasal kes vivy ni tp tulah aku follow dia bukan sbb duck tp sbb anak dia,0
"â€œWhen MCO happened, I was one of the first to speak up and launch a fund to support the frontliner and the B40 community during this time...â€� Wow. Xyah keluar statement mcmni lah Vivy. Makan diri je. Org akan nampak selama ni apa yg hg buat hanya untuk DuCk punya branding ja",0
Aku dari dulu lagi tak suka si vivy tu sbb dia rasa dia je bagus. Nasib bukan penjilat duck,0
Vivy dan duck trending opsss,0
bila suka duck tapi tk suka apa vivy buat...,0
Tahu dah vivy memang perangai macam yg korang pergi sokong lagi tuh kenape. Korang beli duck tuh tanda korang sokang dia. Sales dia menarik vivy menjadi semakin riak.,0
aku banyak kali jumpa dia sebab keje kat klcc plus dia ada buka duck kt sana. Vivy and her husband mmg sombong nak matey.,0
Nasib baik tak pernah terfikir nk beli barang duck ke apa ke yg dicipta oleh vivy,0
Aku tak minat mana pon vivy ni weh duck beli time sale je tapi tulah dah berapa kali jugak vivy ni keluarkan isu yang unacceptable,0
"Kimak apa la si vivy duck ni,lepas sorang,sorang bangang tu simpan sikit",0
"Who the hell are these people? Okay, Black tu kenal lah sebab lagu Sofea Jane tu. Vivy Yusof, nama je tahu sebab pengasas duck trash tu. But the others? Don't know. Don't care.",0
"Vivy yusof tu buat bisnes Duck dgn Fashionvalet tu eh? Duh tak tahu, lol. Aleeya zailan tu sape lak. Angkuh bebenor, bisnes ape die run pon aku taktahu, lols",0
"Maafkan Vivy sebab dia T20. Ayuh semua B40 &amp; M40 kita beli tudung duck banyak banyak dekat Fashion Valet. Tudung raya mestila kene duck T20, baru letops.",0
Salam Vivy ni jual Duck mahal2 pon miskin lagi ke?,0
siapa vivy yusoff duck tu apa sory tk pernah ambil tahu. apa benda tu?,0
"Mcm2 dia jual. Tudung, beg etc Vivy yusof owner the duck/fashion valet",0
Vivy Yusof jual dUCk Aleeya Zailan jual bABi ek?,0
Korang ni tak faham2 lagi ke pasal isu Vivy ni. Dah dapat 1800 nanti korang beli la produk dUck dia banyak2. Takkan tu pun nak kena ajar. Support la produk local. Itu je yang dipinta,0
"sial la vivy tudung itik ni dari dulu perangai macam bodoh. fuck, korang kalau support tudung duck tu jangan kawan dgn aku lah. all of you are fucking retards to support douches like her.",0
"Vivy Yusof dah laaaa sekali keluarkan tudung duck cepat jeee sold out, artis semua beli bukan sehelai 2, mostly borong semua warna, kat situ jeee dah dapat berapa income, belum masuk makeup apa lagi hm",0
Yang tahu vivy yusof tu product dia duck &amp; fashion valet. Yang satu lagi tu tak kenal,0
Vivy sepatutnya letak logo duck pada botol hand sanitizer. barulah boleh buat jualan masa PKP ni. Itu pun nak ajar ke.,0
Stop la nak agungkan product si vivy yusop tu. best sgt ke pakai duck scarf dia tu. tak penah teringin pon nak beli and pakai.,0
vivy anju duck ...,0
"vivy, anju, duck",0
vivy anju duck,0
anju duck vivy,0
"can someone tell me what happened about vivy and his duck stuffs , aku macam tertinggal je",0
duck duck vivy yeye,0
Vivy duck duck,0
"i get that many are upset with vivy, but please don't support counterfeit products or say you'll buy fake ducks from vietnam. yang design tu bukan dia, but her team. just support other original brands.",0
this vivy girl can shut the duck up already,0
"Yes ! I'm never have collection Duck by Vivy Yusof. Entah laa sebab apa pun tak tau, i better choose Naelofar instead of",0
"wait. that unfunny comedian defending Vivy Duck yeh. Birds.... Nay, crows flock together.",0
But most of my friends are those yg agung agungkan vivy and i really dont understand why. Gila dgn duck tudung la cosmetics la. And i'm here like why her????,0
The same person who tweets â€œeat the richâ€� when vivy announces duck sale:,0
"What's up vivy, how's your duck today ?",0
Yall ada sesiapa record that fb live vivy deleted? It might help me stop buying ducks,0
but her business is not a cikai business meh. takkan la company like duck and fashionvalet got no emergency funds? takkan laa BOD of UiTM channel her concern by camo on someone post? is it her level? level level keyboard warrior jela vivy ni rupanya.,0
I never own a Duck &amp; never like how Vivy handles her staff. Kene ampu baru dia ok... i hate that,0
Hahaa duck vivy takde twitter laa,0
Baru aku tau brand duck ni vivy punya.. tq netizen,0
Vivy tak vivy lah . Aku pun tak kenal dia tu siapa tahu tahu org panggil dia DUCK lagi aku jem Aduuuhh bibiucop .,0
Vivy nihh pon ade duck,0
Aku ada barang duCk tuu.. tapi orang yang bagi.. bukan aku beli sebab aku belum mampu.. tapi patut ke aku nak terasa bila vivy kena kecam? Hahahaha confused jap,0
Sius aku tak tau sape aleeyazailan ni.Vivy Yusof pon.Baru kenal pun sbb twitter bising rt sana sini.Time tu barulah aku tau dia yg jual tudung duck sampai rm300 tu,0
Vivy dgn duck aku xpelik..kalau vivy dgn pig baru pelik,0
Kau ingat aku vivy duck ke? Nk cancel cancel,0
Yang twit duck off ni yg xbeli duck pun so vivy safe,0
Mst vivy jual duck b40 pastok,0
"Aku cabar korang yg kecam Vivy &amp; Duck ni bakar tudung yg korang beli tu kalau betul2 nak boikot la Tapi kalau setakat berani kecam je, lepas tu nanti dia pakai artis feveret korang buat iklan lepas tu kau menggedik berebut beli itik dia Sama je cycle marketing ni Buhsan",0
hahhahaha. stapler harge yahudi ni.. elok staplerkan je mulut si vivy duck tu. huhu...kejam beno ayat aku yer,0
padan muka kau vivy! sebabtu dari dulu aku malas nak beli tudung duck kau! sbb takde la mahal mana en. nasib baik aku freehair je,0
Aku lagi ksian selama ni ak tak tahu jenama duck tu vivy punya HAHAHAHAHA. And tak berminat nak beli.. aku beli tudung dekat pasar malam awning jadi elok ja siap bole himpun banyak warna lagi tau sebab murah.,0
Sebagai Rakyat Malaysia Kita support local product Kita pun beli lah tudung Duck Vivy dah kaya dapat duit Vivy pula support international product Sekian.,0
Patutlah no wonder FV dia meletopz nak mampos. Pastu tetibe dUck pun meletopz tetibe. Baru tau dia guna subsidiary company utk untungkan parent company. Hahsjdjdjs fak vivy,0
Duck vivy ke pergh kayo,0
Vivy yang aku kenal ialah Princess vivy alabasta from one piece and dia pun ada dUck juga AHHAHAHAHAHAH,0
"Acah2 aja hampa ni bash vivy, nanti tudung duck baru launch kalut jugak beli, nasib baik la aku miskin dan muka tak sesuai dengan tudung duck.. bukan semua la yang acah2 tu",0
"Aku follow vivy dari dulu sebab Daniel ja, tak laa nak taksub sangat beli itu ini. Setakat la duck ada laa satu, tu pun adik bagi hadiah birthday Lani dok tengok Sarah la sebab dia Daniel version gegirl",0
"Tu msti yg duk sanjung dia and pakai duck... no more respect for Vivy.... Sbgai alumni uitm, mnyesal uitm lantik dia bod uitm",0
Hahaha bodoh ini terletak pada pembeli bukan penjual. Bkn nk back up vivy tapi begitulah cerdik dia plok rebranding semua brg and ltk cop duck.,0
Kite tak faham apa awak tulis. 10x baca x faham... kite x minat Vivy Yusof or her duck scarves. Kite beli baju kat Fashion Vallet je tu pon brand org lain,0
"Vivy jual brand bukan jual produk. Kalau boleh satgi dia bukak kedai runcit tapi ber-brand kan duck. Beras duck, toothpaste duck etc..",0
nak boikot vivy/dUCk ?? nenek aku kata macam anjing menyalak bukit. tak igt lagi kes dato vida dgn aishah? cis,0
Tudung duck by vivy Yusuf,0
dUck yang vivy yusof ah,0
Saya ada dua tudung duck tapi tak bermaksud saya setuju dengan apa yang vivy cakap,0
"Not a really fan of Vivy but this brother needs to know about branding. Dah brand dia kuat memang la dia letak 'Duck' dekat stapler harga boleh pegi sampai RM80. Cuba stapler tu letak brand 'Supreme', agak agak jadi RM80 ke RM800? Nonsense punya argument",0
"Vivy Yusoff is too much..kalau bukan orang B40 yang menahan perut untuk nasi, tiadanya Duck dan Fashion Valet kau tu maju..",0
"Semua paki benci vivy yusof skrng, tunggu nanti dia release dUck covid-19 edition, letak batu sikit, jual rm700, semua berebut.. bodoh semua",0
baru aku tahu vivy tu tokey duck hahahahha,0
Mohon Vivy Yusoff buat tudung khas Duck versi PPE.,0
"Tak salah pun kalau ada sesiapa yang penah beli ke pakai ke. Target market Duck tu memang untuk orang orang yang mampu pun. Janganlah ambik kesempatan ni, sebab marahkan si Vivy, semua pembeli tudung Duck dia pun nak kena tempias. Apoooooo lahhhhhh",0
korang pernah tak tengok video vivy unboxing fake ducks ? kalau korang pernah tengok korang tau la perangai dia cane. dok feel so cheap feel so cheap,0
"Cerita kat Z psl issue Vivy, n ckp â€œI dah lama tak minat dia dahâ€�. Z reply â€œBaguslah yang. Dia mmg tak patut diminati punâ€�. Sabo ajelah. Mesti selama ni dia simpan dlm hati je bila sis cerita psl Vivy &amp; sibuk nak beli dUck.",0
client aku untuk project retail kalini duck tau duh perangai ah vivy ni. ni rasa nak tukar client ni takde mood terus nak buat project,0
kelakar je budak budak duck ni kena block dengan vivy,0
Vivy tu jual duck yg mekap tu ka . Sumpah aq tktau,0
"Harini baca plak psal vivy yusof , psal kerugian , psal duit pnb , ermm Aku xprnah ade tdung duck , tp prnah la beli 1 lipmatte nye , tp xtau kenapa , xtertarik dgn vivy . Dari dlu . Tgk mmber aku obses sgt dgb dia",0
Tak reti niaga vivy duck ni. Bagi juta2 pun boleh rugi. Gila beb,0
"Lowkey agree on prev rt. Aleeya tu punya comment lagi hurtful. Tapi orang attack founder duck tu fuh dahsyat betul ya. Lagi teruk kena dari aleeya. Not saying that i am a fans of vivy. Biasa je suka tengok anak anak dia, thats all. And yes, her mistake was responding to that",0
"@YanaNoruldin ni kes vivy tu, nasib sis xpakai duck, kita pakai tudung pasar malam je, alhamdulilah masih cantik",0
"vivy tak patut bersuara actually. selama ni golongan b40 perabih duit beli duck duck dia tu, tapi bila diorang susah?",0
Vivy beli ayam balut dengan duck,0
Mulai sekarang aku fuck duck dan vivy. Barua betul guna tektik umno berniaga,0
You know what i mean Some of my friend older Really agung agungkan vivy Beli duck beli semua brand vivy Now terbukti yang aku betul VIVY perosak orang miskin,0
"Duck is selling lifestyle not product. Pakai Duck fefeeling macam vivy gitu or belongs to sejenis dgn â€œTribal membersâ€�. Haish, macam dlm kelas Marketing lah pulak hahaha",0
Ducks. Vivy Yusof,0
I once so admire to Vivy. I don't know why. Maybe sebab duck dia? Maybe sebab dia buat duck so exclusive with price so exclusive? Maybe sebab aku terikut sangat trend? For sure bukan sebab FV dia.,0
Aku pun dari dulu tak minat vivy weh sbb aku rasa dia mcm riak sangat je semua benda nak tayang menyampah jugak aku hahaha tah mcm mana tahh org boleh minat dia siap beli tudung duck tu,0
"Yang patut kena hentam lebih ialah Miss Aleeya tu tapi kenapa macam Vivy lagi teruk kena am not her fan, tak minat tudung Duck pun but let's be fair to her at least in this case.",0
"Jangan kata nak follow, aleeya ni siapa pon aku tak kenal hahaha vivy ni pon aku kenal nama dia sebab dia owner duck je. Kalau tak mampuih dua2 ni aku takkan kenal sampai bila bila",0
â€œVivy is cancelled vivy is cancelledâ€� tup tup esok esok kau juga update story ig dengan duck sana duck sini. Sembang serupa pantat,0
"Dgr ckp vivy tu, sah dapat duit tu jangan beli mewah2, jangan beli Duck pulak.",0
"Vivy oh Vivy. I among your thousands of Duck customers. As rakyat marhaen yg saving utk beli tudung you, sanggup tak shopping 3 bulan utk beli tudung you, dua kali tau I beli. Tapi mcm ni you pandang golongan marhaen mcm kami. Business is business, but where's your empathy",0
"Boring la story vivy dengan aleeya zailan ni. Takde langsung keyboard warriors nak backup dia like they are total damned, orang lain nak cakap pun setakat bahan hari ni minta maaf esok beli la tu tudung duck, haih",0
"I act baru je tahu siapa Vivy tu after her ducks collection gettin famous . So dr situ baru i kenal . But tk pernah dgr rumour abt her bfr srsly . Maybe I don't really care . But bila dh jd mcm ni , baru i know bfr this dia mmg ada buat hal .",0
Duck nk bukak dah ioi mall .. FV dah ade.. duck menyusul.. vivy ni mana penah hidup susah kot.. org senang,0
"Gelabah tetek la vivy, takut orang tak beli duck ke ? Dont worry okay, rakyat malaysia ni pemaaf orangnya",0
ViVY ni jual tudung Duck ke Suck bukan apa ramai sangat dok menjilat,0
Aku baru tau Vivy ni founder of benda lah duck tu. Aleeya ni lagi aku xkenal siapa. Avenys pun aku xtau benda apa. That's how ignorant i am lol,0
"Kenapa org benci vivy yusof? Kenapa org boikot duck? Aduh, tertinggal boat dah ni",0
Me too. Tudung Duck by vivy Yusof pun x da. Apa lgi Aleeys Zainal..,0
pasal apa ni babe? kenapa dgn duck &amp; vivy yusof ?,0
Aku mmg tak pernah minat dgn vivy ni. Lg2 tgk video dia unboxing tudung duck fake dan compare dgn yg ori punya. Tak salah pun dia buat tu tp annoying gila tgk cara dia. Sekali dgn staff dia poyo acah2 aduhhh,0
"Kuarantin hari ke 13. Sekejap sahaja kita akan kutuk Vivy, Black, Tomok serta Tajul. Nanti bila dia keluarkan tudung duck baru, lagu baru, korang juga sanggup beratur panjang dekat store Vivy dan nyanyi lagu artis cakap lagu mereka kena dengan time korang putus cinta. Haklahh.",0
"Tak payah lah menangguk di air yang keruh demi secebis likes dan retweet brader. Vivy pun tak claim duck tu SME, dia just bagi pendapat tentang pakej ransangan kerajaan",0
"Elok sangat la tu,memang relate habis yang tgh trends skang. Covid-19 > vivy &gt; Duck &gt; Israel &gt; Artis Malaysia.",0
Yg bising hentam vivy ni jgk nanti menggelabah beratur beli tudung duck design virus covid.,0
"Just to share, duck is not merely &amp; entirely founded by vivy herself. The real person behind duck, is another figure who's still anonymous to this date.",0
"With this vivy issue thing, 1 je. Should i throw away my duck brushes? Hmmmm tbh i bought it because i was desperate on needing a new ones",0
"Does anyone know the name of the company (registered in SSM) that runs Vivy's brand, dUck?",0
Ikr. DUck u vivy,0
"Do you know that Vivy Yusof, FashionValet and The dUCk Group co-founder, is also a member of UiTM's board of directors? Can't believe someone who insults the B40 class community like her is associated with a university where most of the students are from that community. â€�",0
vivy and her duck,0
I only know Vivy Yusof because kwn kecoh dia jadi board of director UiTM - but even then I still don't know who she is. Until Youtube beri video dia review fake ducks. Okay..... The Aleeya fellow - who is that? Never knew her.,0
Duck you Vivy!,0
Duck you Vivy!!,0
"Also, based on observation, org2 yg memang dah kaya, they dont really bother when it comes to people like vivy. Yg more jakun and nak beli barang2 vivy are those who are not earning that much. Tunggu gaji lepas tu nak blow a huge chunk of it on a duck scarve. They idolise her",0
"duck off, vivy.",0
"while everyone start talking about Vivy and Duck products, I give y'all a cute little warned. Don't come at my Burberry Scarf. I'm flexing with the legit one OK! @Burberry do sponser me pls!",0
"Alaa nanti vivy ni sogok sponsor duck karang, semua undo petition ji",0
"aku pun tak pernah beli duck, tapi aku tak kecam vivy..kalau korang rasa vivy tu sakit hati dgn golongan B40 &amp; M40 dapat bantuan, korang pun sama sakit hati dgn vivy sbb vivy tu lebih kaya dari korang",0
hari ini 1 Malaysia yg tak mampu beli duck kecam vivy hari ini 1 Malaysia yg tak pernah beli duck kecam vivy hari ini 1 Malaysia yg pernah beli duck kecam vivy,0
Honestly aku tahu vivy wujud pun sbb isu ni laa . Kalau tak. Duck ke donkey ke apa jadah aku tak tahu,0
Jessica jung (girl generation) rasanya sejuta kali lebih kaya dari vivyduck. Xde pon nmpk dia tjuk main ski bek beg besaq2. Beza org kaya luar vs org kaya mesia,0
Yg backup vivy ni smua sbb beli duck kah apa ?,0
Apa khabar agaknya vivy harini ? Nak stalk ig dia lah. Eh lupa pulak kat kampung takde line. Poor me. Bantuan kerajaan pun tak dapat lagi nak beli duck sale. Hmmmm.,0
Aku naik rimas plk ngan issue vivy ni..erghhhh wtf duck!!!! Stupid statement betul vivy vavi ni buat.,0
"Waktu ni lah sepatutnya Duck buat promo separuh harga + COD depan pintu. Saya graduan marketing, pls hire me Vivy.",0
Apa khabar agaknya pemuja vivy yang sorang tu? Konon obses dengan duck. Padahal ikut trend je,0
"you will be amazed how many of her die hard fans kat comment section dok justify for her pasal benda yang jadi ni, and siap cakap siapa yang still marah vivy tak paham english...what the duck?",0
"Honestly, i dont think issue vivy marah orang pakai brand duck fake ada kena mengena dengan isu dia downgrade orang miskin",0
Vivy senyap terus. Story pon tade. Yang selama ni bangga dengan duck pon senyap jee dekat fb tuh. Tade nak ulas2 pulak. Eh,0
"Duck tak duck Hahahahaha Kita melayu beb.. Melayu mesti laa takleh tengok melayu lain senang UNIVERSITI TEKNOLOGI MARA: Vivy Yusof, harus LETAK JAWATAN sebagai Ahli Lembaga Pengarah UITM - Sign the Petition! http://chng.it/kZtw9PhK via @Change",0
Pasal vivy pun satu. Takde effect langsung dia dlm hidup aku. Dia buat la ape2 pun nk menunjuk ke apa ke. Sikit takde kesan pape pun. Dalam hidup korg pun kan? Bukan ko pakai Duck pun duk pokpek. Korg duk ulas panjang2 bakpe bodo. Biar dia lah hidup dia,0
"deme igt SME ni serupa vivy ke doe...SME ni hidup cukup2 je nko tau...redah month after month dats y dia di namakan SME,jangan la samakan dgn Duck tu..",0
"Vivy Yusof tercy-duck. Ini lah permulaan I annoyed dengan dia. Cuba kita B40 ni buat macam ni? Sampai dia, everything is an exemptionnnnnn.",0
Satu tudung duck si vivy boleh langgan pornhub premium sebulan -akhtar minudin-,0
Duck ni yg semalam ko cerita jenama vivy tu kn? Ko bilang dia jual tudung knpa ini stapler?,0
Since aku tengah geram dengan vivy aku ingat dia nak tunjuk logo duck kat bantal tu,0
Barang-barang jenama DUCK ni memang Vivy punya ke guys,0
Tapi saya yakin izzul takkan tercy-duck mcm vivy yusoff,0
"Duck ni binatang jadah nya? Aku tau duck tu itik. Lepas ni siapa tanya aku kenal vivy tak, aku tempeleng korang. Vivy tak kenal, viva kenal lah kereta dr brand perodua.",0
Tak salah si Vivy nk meniaga harga cekik darah skali pun. Yg x sedar diri nye org dok keje makan gaji hutang bnyk kumpul duit semata2 nk beli ni. Lps tu bangga habaq kt kawan2 tudung aku DuCk. Ko hado? Padahal nk beli tu simpan 1/2 gaji selama 8 bulan ni. Bangang,0
Omg vivy.. ni betul betul wrong move ni sebab aku macam terkilan walaupun tak ada banyak duck,0
Betul la vivy tu salah tp jgn la kecam org2 yg beli tudung dia tu. Duit dia bior la dia nak beli ape pun. Yang salah tu vivy bukan customer dia. Aku pun tak penah beli duck scarf tu. Tak mampu.,0
"Yess betul. Terpikir jugak. Kalau ali express ni tiru design duck. Why vivy diam je? Saman lah. Dah tiru design duck. Tapi rasanyaa, tak mungkin si ali express ni tiru. Dia company international, nama besar kot. Org semua kenal nama dia.",0
Ntahlah. Ttiba rasa nyesal lak follow vivy ni ha lps dah tahu apa yg berlaku sbnrnya. Ada hikmah rupanya aku tak menang contest klau dari duck hmmm ke mmg nasib gini,0
"Yg beli stapler si vivy ni nak tanya , apa beza stapler mahal ni dgn stapler murah ? Stapler kertas guna stapler Duck ni boleh bertukar duit ke",0
aku baru tahu duck tu tudung lepas scroll twitter je vivy lol,0
Yesss...jual balik pada hamba Duck yg masih berdambakan Vivy,0
"Tertinggal tren tapi pavilion ada dUckscarves, dUck cosmetics dgn fashion valet. Klcc ada lagi dUckscarves. Kalau ye pun nak buat brand placement, takkan sampai 3 at one place? Dahlah hardly has traffic. It's on you vivy. Takkanlah tak assess risk?",0
"gardenia Rm2.50 je, dpt kt Vivy takut jd Rm49.99 nk design perkataan Duck kt bungkus roti tu dh brape dah , mgkin roti rase itik or telur masin",0
Semoga family aku dijauhkan dari Duck dan syaitan Vivy,0
"Kerana RMO, baru aku sedar... 1. Aku tak pernah beli tudung Duck Vivy Yusuf. 2. Aku tak kenal siapa Aleeya Zailan. Sekian.",0
"Auke kualiti duck doesnt meant suke vivy. Alo cikgu pls differentiate rightfully, kata cikgu",0
Can vivy restock the shopping bag coz i want it n it looks simple n nice akak2 ducks dh rembat aku tak sempat nk beli,1
kesian vivy ramai beli duck yang fake punya,1
Tengok sekali imbas nampak macam vivy yusof! Tudung pun dah duck dah tu Cantikkk!!!,1
I watched vivy's vlog unboxing fake ducks.. take a chill pill.. you must know this could be happened before you started business.. even LV pon hadoo fake tak kan ducks dia jadi kan exceptional.,1
Vivy Yusof unboxing fake duck(s) Omgggg so cutee when she mad,1
"after watching vivy's fake duck video i feel suuuuper bad for her teams!! i mean guys seriously, never support counterfeit products",1
Watching Vivy unboxing fake ducks makes me feel like i wanna buy another duckscarve,1
"Kesian vivy kena unboxing dia punya fake dUCks sendiri. Hahahaa ! Rm20 compare to her limited edition, aku rasa kilang di vietnam did well hahahaha.",1
"I watched vivy vlog abt the fake duck, I can feel her. To some extend you can make inspired duck but you can't copy even the logo, prints and all that.",1
vivy is so cool she didnt even carut to the fake duck. and her designer also. cuma cakap it hurts ja. omg,1
"Watching Vivy Yusof reviewing counterfeits of her brand. Just knew dUCks never comes in with plastic, always boxes..",1
can't believe that i'm watching vivy's vid on youtube reviewing fake ducks,1
"After watching bunch of vivy vlogs on yt, now i feel like i wanna own a duck scarves smh",1
Finally kak vivy buat unboxing fake ducks!!!!,1
Kesian vivy mesti sakit hati gila pegang fake ducks,1
"Semalam tengok vivy yusof unboxing fake duck, kesian pulak rasa, betul jugak vivy cakap, diorg penat kerja tp yg fake pon dpt untung jugak so guuyysss dont support fake product",1
been watching Vivy's blog about the fake dUCk. kesiannya dia menggigil masa pegang tudung fake tu,1
I love the way vivy showed to netizen difference between the fake and real duck. .,1
get to see vivy yusof unboxing of those fake versions of her ducks products and that's kinda hurt haih,1
"Watched vivy's video unboxing fake duck scarves, terus bukak fashionvalet, tak nampak pleated scarf yang cantik tu, tutup fashionvalet Kecewa",1
"Padah tengok vlog Vivy, now i want Duck",1
me watching vivy unboxing fake ducks ! erghhh my heartttttt for god sake i hate fake things ! ey aku pulak sakit hati tengok,1
"Aku tak mampu nak beli duck and tak pernah nak beli pun. Tapi takde lah nak beli yg fake!? Like seriously!? Aku yg sakit tengok vivy unboxing the fake one, like whut? Tak malu ke copy brand orang. Euww",1
"Watched Vivy unboxed the fake dUcks from Vietnam, now I can clearly see the differences",1
Just watched vivy's video of fake dUCks. Hmm ada ek orang beli fake? Rather not buying than buying the fake one okay ppl,1
"Just now I watched vivy yusof vid abt the comparison between original duck and the fake one. Yeah, I know it's quite a heartbreaking seeing people copying ur brand but it should not be an issue cause even the international brands also have the copy one. I mean there's a lot of -",1
"watched Vivy's video of fake dUcKs.. it breaks my heart. you ignorant people might say, alaaa rilekk laa dia dah kaya kot.. but the thing is, her team efforts, sweats and hustle are real and suddenly you simply copy.",1
"I dont hate vivy yusof but her new video, unboxing fake ducks like bro i get it its your hard work but shut up Balenciaga gets copied everywhere and they say nothing, you're not on top of the world to complain any brand that you put out is at risk of being faked up so suck it",1
Vivy unboxing fake dUCks kelakar part dia geli nk sarung tudung tu kat kepala dia,1
The Conscious Duck Wow so proud of you vivy,1
Vivy's makeup for disney duck is on point i tell ya,1
Cantiknya vivy dalam gambar duck baru,1
"Walaupun vivy ni kadang-kadang buat benda yang kita annoy, unbox vietnam duck umpamanya.. tapi I cannot deny duck team memang something. Cantik okay disney collection yang baru ni. I keep on talking to myself.. duit tu boleh buat beli diapers anakkkk.. Jangaaannn",1
"I saw my cousin (boy) follow duck group , cosmetic and ofcos vivy's ig . I asked him why , he told me that he can be someone that up to date about duck so he can buy for his gf if he have gf so good doe",1
*secretly wanted to meet vivy yesterday at dUck klcc but missed her instead*,1
"Tadi after keluar dari kinokuniya, i was looking at my phone and we passed by duck store, then Faris nak attract my attention, dia cakap lah ada vivy yusof depan tu.. dia nak main2 je guys sekali betulllll hahhhaa aish!!! Dapat tgk anak2 dgn husband dia depan2 &amp; ofc la dia skli",1
i've always thought duck scarves are too overrated until i finally own one vivy you did a gr8 job,1
I was randomly post our beloved queen of johor wearing a duck pleated and tag the duck group and me being me forget to tag vivy also so had to do the repost after excitedly got notification from duck group and now vivy noticed my post!!!!,1
Lihat saja produk Duck keluaran usahawan terkemuka Malaysia iaitu Vivy Yusof telah pun terkenal meniti di bibir bibir seluruh rakyat dunia di setiap pelosok. Tidakkah kita berasa bangga melihat produk keluaran Malaysia begitu tinggi dipandang.,1
"True. Also duck punya edition pun semua dah nak sama. Pastu almost every week ada launch. and vivy suka design scarf with borders. While Naelofar pun dah revamp baru. So, makin nice yeaaaa",1
No need wait panic buying tonight kak. Tadi I stopped by Jaya Grocer near my apartment...mashallah!! The queue damn long macam Vivy Yusof baru release koleksi tudung DUCK terbaru,1
Scrolling vivy's previous post on instagram only to see how she style her tudung cause only she can rock the duck scarves so well,1
People : Vivy did that bla bla bodoh nak mampus Vivy launch a dUCk people : omg i will get one for me no matter what happen! Tell you ya.,1
"yall boycotting vivy right when duck is having a sale, well their satin silk at least lmao",1
I am not illiterate or uneducated therefore I understood what Vivy's intentions were and will forever be supporting her and dUCk.,1
"Vivy Yusof has been cancelled few times by netizen before. Luckily, her audience majority prolly T10/T5. So duck on still.",1
"I'm a big fan of that overpriced shawl, dUCk. But I didn't say I agree with what Vivy did. No need to dm me saying â€œtengok apa vivy buat niâ€� . Idc about her, if she's wrong then she's wrong.",1
I think there's no need to marah kalau org beli tudung duck though hating on Vivy Yusuf. Her brand product is not ugly. The only thing that ugly is how she's showing her arrogance as a boss / business owner / T20 self entitlement.,1
Do you guys think you can change the mind of dumbasses that spend thousand on a mediacore Tudung Duck. You should just give up. They will follow vivy to the depth of hell.,1
vivy. you made a mess again? nahhh im only supporting duck scarves only all this while. but this is what b40 workers get from someone like u lol,1
Nvr have duck scarves but I got my own duck eye palette. I still wanna buy from duck not because of vivy but I just like it. But aleeya who?,1
woman be hating on Vivy Yusof but still buying the dUCK,1
Vivy offends middle class &gt; ppl marah &gt; vivy post vid anak + tak reti cakap melayu challenge &gt; ppl cair and buy duck. Cycle repeats.,1
Women: Vivy Yusuf is a selfish employer Also women: Jom shopping barang dUCk sampai sold out!!!! Please stop being so benak.,1
"Yguys please stop asking me about Vivy. I kerja dengan dia je tapi i bukan PA dia tau setiap manusia tu kan ada baik dan buruk. Vivy seorang yang baik, but idk what happen. Just stay positive okie and teruslah support FV and dUCk hehe",1
Ada juga yg tak bodoh sebenarnya. Tapi can't help but tergoda dgn apa yg dia tunjuk dlm social media dia. Vivy &amp; her cliques sentiasa portray luxurious life &amp; materialism to define success. Orang pakai duck &gt; benda mahal &gt; mampu beli &gt; tergolong dlm the elites.,1
Nak je aku cc kt kakak office aku. Die hard fan vivy yusuf. Habis duit gaji tiap bulan beli semua collection duck.,1
Alah orang dok benci dekat vivy pun beli gak dUCk tu. How?,1
korang time ceni je bash vivy pastu nanti keluar duck pi serbu beli juga ksjsshsh,1
ViVy iS CaNceLLed sepuluh setuja kali tapi pastu beli jugak duck. HAHAHAHAHAHAHAHAHAHAHAHAHAHA.,1
So today is about vivy? kelak duck plh sales semua lupak benda tok. Hekkkkhekkkkk,1
okay dah. Susah2 dapat cuti nak sibuk pasal vivy. Sis doakan bisnes dia x lingkup sebab sis suka juga duck so sekarang nak masak breakfast apa ni?,1
fans vivy tu jgnla butthurt sangat macam korang pula yg kena hentam aku pun pakai duck tapi kita ambil mana yg baik. komen dia xdela buruk nau cuma bukan masa yg sesuai. sekarang semua sensitif,1
Ramai juga yang pergi maki Vivy ya. Rileks la nanti keluar product baru hampa juga duk beratoqqq P/s: Nak tudung Duck satu,1
Acah je semua nk boikot vivy la nk boikot duck la. Nanti lepas dah bukak balik kedai dia buat promosi 50%. Yang boikot tu la duk depan skali nak pegi borong. Puuuii,1
Aku nak tengok yg kecam Vivy ni sampai mana.. Jangan nanti Duck buat sales berebut beratur sudahhh..,1
Rupanya Aleeyazailan founder produk yang mama guna & Vivy yusoff founder dUCK yang I guna &amp; admire nak mampos But mama dah lama stop using the produck sebab dia kata memang belagak founder dia &amp; I still guna &amp; admire dengan vivy yusoff,1
"Hurmm, kaum wanita ni..time marah ni dia marah la, sekali Vivy buat promosi duck scarve, berebut jugak korang...tau sgt dh.",1
Vivy ni dari zaman makan dalam pampers orang kata nak boikot. Lepastu keluar duck baru ramai ramai pakat beli jugak lol,1
"Saya secara jujurnya suka shopping dekat DuCK &amp; FV walaupun saya dari golongan B40, tapi with Vivy latest statement, hmm, why vivy why ? Kenapa tak fikir dulu sebelum nak keluar apa2 statement Tergolong dlm M40 &amp; T20 sepatutnya membuatkn mereka bersyukur bkn menindas.",1
Betul sis . Kalau Duck buat sale yang sanggup Ambik EL pun ada tau Lepastu nanti tak dapat selfie dengan Vivy . selfie dengan Poster vivy pun dia dah rasa bangga Lol,1
"Tak nak amik tau pasal vivy, yang aku tau aku suka duck dia tu je la",1
tak tahu la kenapa memang tak minat vivy ni. kt youtube selalu naik nama dia even trending ke aku tak minat lgsung nak tengok. tp serius memang tak dinafikan tudung duck dia cantik gila,1
"Aku tak kesah korang nk kata apa, tapi aku selalu tgk vlog vivy so aku tahu vivy ni mcm mana. So I'll keep suporting her and duck (walaupun aku tak pernah pakai)",1
Aaaaaa maroh2 vivy nanti raya beli duck jgk.,1
ye do sumpah tak kenal. si vivy tu pun aku boleh kenal sebab my sis suka sangat dgn tudung dUck dia tu lol,1
Suka sebenarnya beli tudung duck. Tapi apa masalah perangai vivy ni eh?,1
Acah macam tak suka vivy tapi dok beli jugak barang duck ewww smh,1
Sekarang je kutuk vivy tunggu lah vivy tu keluar kan tudung duck baru haa borong sampai sold out.,1
Jangan kat twitter je duk hentam vivy lepastu keluar tudung duck yang baru dia yang beli dulu.,1
"Tiba2 vivy buat sale duck, semua jadi supporter balik ahahha",1
Kutuk kutuk vivy tapi tudung idaman nak duck jue..... Hshshshs,1
Bulan depan dUCk keluar tudung design baru korang lupalah apa yang Vivy cakap,1
Dah unfollow Vivy lepas tu PS duck DM bagitau duck ada sales be like... https://twitter.com/alizulfaqqar/status/1244080276919050240,1
eleh korang dok kutuk2 vivy pun nnti support jugak duck fv,1
Semua akan jadi okey balik & suci bila Vivy annouce buat promosi kaw kaw Duck product. Trust me.,1
Alah sembang marah Vivy japgi tudung Duck baru keluar terus lupa dosa dia. Rinse and repeat. Aku tak paham macam mana korang perempuan boleh support bisnes orang bodoh macam Vivy ni,1
Tak payah duk acah cancelled vivy bagai. Esok lusa lupa ampa p beli jugak duck dia tu. kotak susun penuh atas almari. Puiii!,1
"Aku beli dUCk scarves tu pun sbb kain dia tu quality dia ok and labuh, bkn sbb vivy ni pun. Vivy ni stu ja attitude dia ni , ksian dlu pkrja dia yg pregnant tu huhuh",1
Bestnya batch kawan yang batch vivy tapi masih beli duck ya,1
Memang tak pernah faham org sokong sgt duck ni dari dulu. Byk kali dah kot vivy buat statement mcm tu. Faham la dia T20 and kaya raya dari kecik.. But fake some empathy kot. Follower dia pun mcm some sort of cult. Kejap lagi sale dorang beli jugak,1
"They sure did. Lagi satu, dUCk ni mmg dah ada peminat fanatik dia sendiri. Rasanya diorang golongan yg menyokong Vivy skrg ni.",1
yo i have a few friends supporter vivy beli duck apa semua huhuhu idk what to say rn huhuhu pls la harap diorang sedar,1
"Vivy tu dah beberapa kali viral n orang cakap nak boikot produk dia. Tapi bila I lalu depan Duck, masih ramai je customer. Tengok la nanti kalau orang ramai tak nak support bisnes diorang ni nanti mula la buat macam2 cara minta simpati n orang akan beli balik produk diorang.",1
Hello people. Beli dUck x semestinya idolised vivy ya.,1
"Betulllllll, Cuba kejaplagi vivy buat duck sale 50% terus lupa semua orang",1
"Triggered eh masing2 dengan Vivy, taknak support duck scarves. Bhahahaha. What happened beb? Last time owner Christy Ng bantah cuti bersalin 90 hari pun, hampa rilek support gak. Maciam maciam.",1
Tgh kecoh2 ni tgok la nty vivy launch produck baru.. Mask duck maybe.. Atau glove duck.. Dan kome2 jugak yg beli.. Hahahhaha,1
"Skrg je ramai marah dgn vivy ni, nnti time raya sold out jugak produck duck tu",1
"orang yang condemn Vivy and other T20 entrepreneurs and influencers ni cuba condemn betul betul. Pumpang sana sini, tetiba Duck buat sale 50%, korang lupa semua. Dasar betul",1
"Sekejap je ni kutuk vivy, esok lusa korang juga yg duk kalut nk beli brand duck. Bingai",1
"Vivy, Vivy. Awak teruskan je lah hidup dalam dunia anak orang kaya awak tu okay? Tak payah sibuk nak merentan konon kisah pasal SME. Go fikir new tudung design untuk terus collect duit dari M40 okay? They love you so much engko cakap apa pon dorang tetap akan beli tudung Duck tu.",1
Everytime vivy yusof viral hangpa kata jangan beli duck. Habis ja issue tu. Hangpa duk berpusu beli duck. Manusia mudah memaafkan kan?,1
"Tp tak salah pn beli sbb suka. Plus boleh jual balik k segala duck tu, ada harga worth it la. &amp; vivy pun ok jgk as role model cuma certain issue mcm ni, ntahla. Sis just mmg tak berapa mengidolakan so takla kisah sgt. Cuma mcm men down grade kan others tu mcm kurang adab. Kennn",1
Korang dok kutuk2 vivy tu nanti raya mencari juge duck tu.,1
Beli tudung Duck tak semestinya suka Vivy,1
Alalala konon nak boikot vivy tengokla nanti dia keluar produk murah markup harga kaw2 sebab cap duck terus semua menggelupur beli,1
I bought dUck scarves before this bcs i love the material especially the pleated ones. Not because of Vivy.,1
i hate how manipulative vivy.... but i do love dUCk there's no other brand can compete their satin silk,1
"I love duck material thus i buy them. If anyone sell same material w a cheaper price, i would buy that scarf. Before i wrote this, i asked myself, is it bcoz i want to defend vivy. Ermm i dont think so. I bashed her for previous issues on maternity, mc &amp; iman azman etc.",1
"Korang ni tak abis2 cancel Duck since before , but the moment Vivy release new scarves - yall buy them and suddenly she's relevant again.",1
Vivy Yusof. No matter how many times she created shit but all these peoples would still buy her dUCk scarves. Just wait and see when this RMO is over soon and people who bashed her will forget about this and her sales will still be high as sky,1
Korang tahu boss aku suka Duck.habis dia tapau semua staff2 yg bash vivy,1
Baru aku tahu duck tu vivy yg punya.... Igt kn overseas punya brand...,1
"sooo, i beli tudung duck sbb sales teroks. end up aku kena kecam sbb support kak vivy . gurls i just love the scarf material",1
Rilek je vivy. Takyah cakap apa2 duduk diam je kat rumah. Orang kita ni bising dua tiga hari je besok lupa dah. Dah lama sikit nak dekat raya nanti buatlah sale besar besaran dUck. Confirm org beli balik. Ez,1
vivy tu memang layak kena kecam. tapi aku beli tudung duck sbb hmmm cantik elok terletak kat kepala aku &amp; sarah comel,1
Konon boikot vivy tapi raye nnt semua melaram tudung duck jgk,1
"Aku akan boycott Vivy, tapi kalau sesapa nak jual tudung duck murah. Bgtahu aku. Aku nak beli. Jgn dibakor. Hehehehhe",1
"tgh hangat isu vivy teringat ex housemate, a nurse. minat betul dengan vivy. makan sambil tonton youtube vivy, kotak duck bersusun canak siap tanya aku â€˜eh kau asal tak minta keja kat fashion valet?'",1
"Idc, i always love Vivy. Pergi lantak to those evryone who hates her now. Nnti jgn beratur kalau FV/dUCk buat sales ok",1
acah sembang cancel vivy tapi duck buat sales menduyun membeli. eh ? hiks,1
Habis lah vivy. Lingkup lah duck lepasni. Boleh lah beli tudung tu nanti sebab ada sale clearance stocks ehek,1
Ramai je sebenarnya peminat setia brand Duck ni. Majoriti yg dari golongan elit. Sebab tu Vivy Yusof bukan kisah pon kalau ramai netizen nak kecam atau boikot produk dia. Dia dah ada target customer yg tetap,1
"You know this is actually a legit business right? I mean, there are demands out there for this kind of product. Again, don't let Vivy see this or else she gonna slap dUCk branding on it and the price gonna be jack shit",1
"Not a fan of Vivy too but I bought dUCk scarves because I genuinely like the designs and the quality, not to flex. I will even buy tudung pasar malam if I like it. Y'all should stop generalising people who bought dUCk stuffs as Vivy's die hard fans.",1
i bet after this some of the people who judged vivy will still buy her ducks and then repeat the cycle again bitchasssss,1
"put vivy's behaviour aside, duck scarves best ok........... the eyelash hem is bloody neat ni ko nak pick me pick me pale bapak ko la",1
Not a fan of vivy since dulu. Just a fan of duck. Srslu design anyaman and frozen cantik gila kan?! Mcm mana aku tak terpikat. Btw design tu bukan dia yg design pun?! Pekerja dia yg design?!! Hahaha,1
Ohhh duck tu vivy punya.aku ingat luar negara,1
Senangnye jadi ViVy. Say sorry je pastu buat sale. Pastu aku pun terbeli duck balik.,1
"Vivy dah lama cancelled tapi duck best, flowy cantik",1
Stop asking y Duck products are hella pricey. It's the brand la. Takde sape paksa kau beli pon. Asal vivy buat hal je condemn product die . Orang marah sebab lain la n tak related pon smh,1
evryone keep saying vivy is cancelled but when duck keluarkan new edition still sold out. bla ah cakap tak serupa bikin,1
55 people je ke takpernah beli Duck/FV??? patut la Vivy kaya,1
Korang ni yek yek je boikot vivy? Nnt dia buat sale duck 80% sume mengelupur,1
Kesian pulak dgn vivy yusuf ni. Hmmm. Tapi serious ke org beli duck sbb dia? Bukan design ada yg mmg cantik ke. Alah korg israel tak risau nak boycott pulak hmmmm,1
"thats why,memasing rasa tu have have sangat beli tudung itik.semua nak berangan jadi vivy yusuf and she manage to tanamkan benda berangan tu dalam setiap buyer dia.INSPIRING woman katanya.sampai sanggup beli tudung ribu riban.aduhaiii.taksub.penganut duck.",1
Okay I tak backup Vivy tapi yang complain dUCk jual barang dengan profit margin melampau ni macam kelakar la... sebab business kan. ada branding semua. Sama je cerita dia macam beli baju kat Zara tapi kat shopee boleh jumpa lagi murah. Hm,1
"ohhh haah dia sempat delete tu before orang ramai tengok and aku pun tak sempat tengok. terkilannya vivy cakap macam tu, dah lah aku adore dia. rasa dah taknak adore dia dah lepas ni. statement dia serious tak pakai otak. aku suka brand duck. taknak suka vivy dah.",1
"Gila. Aku dah pandai share petition yg aku sign kat public. Tapi seriously, Vivy &amp; UiTM ni bukan padanan yg baik. I'm saying this even though aku tak ada kena mengena dengan MARA dan aku suka dUCk. Kalau Vivy nak duit lepas ni, buat design printed lawa sikit. Sekarang sendu.",1
"Kawan yg kita kenal ada 2,3 org je kot peminat duck. Tp yg minat vivy ni ramai je.",1
"Yg dah beli duck bekotak2 xpe2..kome xsalah pn,mmg berkualiti pn kain dia,yg obses dgn brand dia,kome semua xsalah..yg jd salahnya,dh brapa ratus juta kali vivy ni kena cancel ntah kome xstuju siap ckp org jeles,ye sama je kome dgn vavi tu.mkn la kome tudung tu bila dh darurat",1
Aah Duck kain dia puas hati. But surprising nya Vivy cakap mcm tu. Yang terkejut yang post kau RT tu. Wow tak sangka cetek nya pemikiran hahaha padahal sekolah tinggi lel,1
Hari hari maki vivy itik tu tapi realitinya dalam almari bersusun kotak duck,1
Haha mana boleh! i stand with vivy the duck! Kena back up!,1
So vivy and duck is trending again,1
Happy 6th Birthday to Vivy &amp; Duck.,1
"and i havent use duck, but vivy's new istanbul scarves is really gorgeous thoughhhhhh *_*",1
"Have you being in Duck crowd? Do you know how powerful Vivy in branding? Dont you think kalau ada cable pun tapi takde branding talent it wont go anywhere? Kalau depends on cable saja, do you realize how many rich kids in fashion industry but not at par with Vivy and Lofa?",1
First time i heard got a brand called dUCK..golongan bangsawan tahu kut... maybe tak mampu sebab tu x tahu.. thanks to UiTM ViVy .. now i know already got a brand called dUCK.. i need to google to know what is the menaing behind it.. malaysian truely rich people now..,1
Vivy ni bussineswoman berjaya. Yang pengasas butik Fashion Valet. Dia pun jual tudung duck yg harganya ratusÂ² ringgit.,1
Same like duck. Only vivy look good in it :),1
Vivy Yusof ni inspired gila! Tak pernah la tak minat dia since awal-awal Duck keluar,1
Wtf vivy is collaborate with X-men. Rise of the dUCk Phoenix. Nang always another level la,1
"I hate people just throwing hate about new dUCk scarves. If you cannot buy it, just donâ€™t why being so envy??? The target market is different. How pitiful malaysian so judgemental i love how Vivy ignores all those hate",1
Of course dUCk kot. The power of Vivy.,1
Vivy is genius!! The way they promoted the new merdeka duck mmg i stan!! Love it.,1
Merdeka Duck is one of the brilliant idea from Vivy &amp; team. Kagum betul aku. Sebab corak lawa gila &amp; iklan dia power gila.,1
I am not a makeup enthusiast but I really want to try dUCK Cosmetics just because I saw makeup tutorial by Vivy hahaha motifnyaa terpengaruh,1
"Love Vivy's new vlog on dUck Scarves production. I always love Vivy and her products, I researched and dug more info on it. That's why I smirk when people who simply say 'Vivy just resale China products with mark up price!' What a narrow-minded statement.",1
Tengok Lisa Surihani dapat dUck scarves from Vivy banyak giler. Rezeki dia betul,1
"Vivy hadiah banyak gila duck dkt lisa kalau lah Satu 200, lisa dpt dlm 20 WOWWW",1
Baik nya vivy kasi staff nurse yg jaga ayah dia duck scarves. Siap blnja mkn lg.,1
Vivy is so lucky to have everyone supporting her new product marketing for dUck Malaydrama.,1
Duck is coming out with water proof scarves So proud of how Vivy brings up Malaysian product to the next level,1
Brand tudungkartel ka yg dUck? Sebab aku baru tengok vivy pakai helok gilaaaa,1
Me when watching vivy unboxing fake ducks woman i want your huge diamond rings,1
"Gais, vivy baru hadiahkan lisa 20box duck scarves ....",1
First love how soft spoken the way she talks to her kids Second she so pretty in hijab Third that's why she deserved to receive all those Duck scarves from vivy And last all this are blessing from Allah ya Rahman ya Rahim and actually this is the most important thing,1
"Duck scarf yang mahal tu pon jadi isu. Tak mampu beli, diam je. Vivy pon tak ada target pembeli macam korang yang complain itu ini. Dia ada target dia sendiri tak payahlah pertikaikan.",1
Actually tudung dUCk tak best. Licin sgt. I dah adjust mcm2 cara still tak jadi. Vivy pakai semua cantik. Tapi dah beli kena lah pakai. Baik beli waarna. Kain lg best dari itik tu.,1
I just figured out msia pernah buat this kind of show and event. At least close to shark tank concept. Vivy and fadza took part in it. Since then i view FV and Duck differently. Total respect to you both!,1
"Big boss aku suruh siasat ape rahsia Vivy Yusuf tudung die sold out setiap kali die keluarkan dUck limited edition...aku cakp la marketing A+++ die guna semua platform media Ytube,ig,story business journey die, and she is face of dUck she is trendsetter..and my boss said",1
